Oligo	brain vs whole fly - T-Test_Change Direction	BrainMean	BrainSEM	BrainPresent	Brain:fly	head vs whole fly  - T-Test_Change Direction	HeadMean	HeadSEM	HeadPresent	Head:fly	Crop vs Whole flies t-test - T-Test_Change Direction	cropMean	cropSEM	cropPresent	ratio	midgut vs whole fly - T-Test_Change Direction	MidgutMean	MidgutSEM	MidgutPresent	Midgut:fly	Hind vs Whole  - T-Test_Change Direction	HindgutMean	HindgutSEM	Hindgutpresent	Hindgut:fly	Tubule t test vs whole fly	tubuleMean	tubuleSEM	tubulePresent	tubule:fly	ovary vs whole flies - T-Test_Change Direction	OvaryMean	OvarySEM	OvaryPresent	Ovary:fly	testis vs whole flies - T-Test_Change Direction	TestisMean	TestisSEM	TestisCall	Testis:fly	acc vs W - T-Test_Change Direction	AccMean	AccSEM	AccPresent	Acc:fly	LT vs whole fly - T-Test_Change Direction	l_tubMean	l_tubSEM	l_tubPresent	l_tub:fly	FB vs whole fly - T-Test_Change Direction	l_fatMean	l_fatSEM	l_fatPresent	l_fat:fly	tag vs whole flies - T-Test_Change Direction	tagMean	tagSEM	tagPresent	tag:fly	car vs Whole fly - T-Test_Change Direction	carMean	carSEM	carPresent	car:fly	SG vs whole fly - T-Test_Change Direction	Sgmean	Sgsem	Present	ratio	L_sg t	l_sg mean	l-sg sem	l_sg present	l_sg ratio	l_mid t	l_mid mean	l_mid sem	l_mid present	l_mid ratio	larvae hindgut vs whole fly  - T-Test_Change Direction	l_hind mean	l_hind sem	l_hind present	l_hind ratio	SptV vs W - T-Test_Change Direction	SptV mean	SptV sem	SptV present	SptV ratio	SptM vs W t-test - T-Test_Change Direction	SptM mean	SptM sem	SptM present	SptM ratio	Feeded larvae central nerve system vs whole flies  - T-Test_Change Direction	LcnsMean	LcnsSEM	call	ratio	Adult fat body vs whole flies  - T-Test_Change Direction	AFBmean	AFBSEM	AFBcall	ratio	Feeded larvae carcuss vs whole flies  - T-Test_Change Direction	LcarMean	LcarSEM	Lcar call	ratio	eye vs whole flies - T-Test_Change Direction	eye mean	eye sem	eye present	eye ratio	heart vs wholefly t-test - T-Test_Change Direction	heart mean	heart sem	heart present	heart ratio	lftrachea vs wholefly - T-Test_Change Direction	trachea mean	trachea sem	trachea present	trachea ratio	Drosophila S2 cells vs whole flies - T-Test_Change Direction	S2 Mean	S2 sem	S2 present	S2 ratio	FlyMean	FlySEM	FlyPresent		
1616608_a_at	Down	1016.2	23.2	4	0.7	Up	1874.6	85.3	4	1.3	Down	994.2	5	4	0.7	None	1170.2	40.5	4	0.8	Down	1053.1	35	4	0.7	Up	3202.6	216.4	4	2.2	Down	848.9	26.1	4	0.6	Down	124.3	5.9	4	0.1	Down	1036.2	51.7	4	0.7	None	1505.9	61.7	4	1	Down	623.1	59.3	4	0.4	Down	876.2	14.6	4	0.6	Up	2438.2	218.3	4	1.7	Up	3642.5	263.9	4	2.5	Down	861.8	52	4	0.59	Down	521.9	52.8	4	0.36	Down	643.6	60.3	4	0.44	Up	3039	174.9	4	2.08	Up	3333.4	167.8	4	2.29	Down	170.6	9.5	4	0.12	Up	3597.5	430.4	4	2.47	None	1132	147.5387802	4	0.776406036	Down	282.775	47.42876017	4	0.193947188	Down	834.5	113.9766716	4	0.572359396	Down	147	26.00025641	4	0.100823045	Down	408.825	7.471097086	4	0.280401235	1458	127.8	4		
1622892_s_at	Up	114.6	3.3	4	1.2	Down	64.3	1.8	4	0.7	None	87.1	2.6	4	0.9	Down	53.3	4.6	4	0.6	Down	72.6	5.4	4	0.8	Down	52.5	2.2	4	0.6	Up	145.9	5.7	4	1.6	Up	586.6	17.1	4	6.3	None	110.5	5	4	1.2	Down	67.2	2.3	4	0.7	None	71	16	4	0.8	None	89.8	2.5	4	1	None	84.9	5.4	4	0.9	None	89.8	8.5	4	0.97	Down	63.8	4.4	4	0.69	Down	37.4	2.4	4	0.4	Down	60.3	2.4	4	0.65	Down	55.4	3.2	4	0.6	Down	60	4.9	4	0.65	Up	128.275	2.4	4	1.38	Down	67.5	6.7	4	0.73	Down	69.325	3.460581599	4	0.745630546	None	76.825	2.475673309	4	0.826297392	Down	51.525	2.809322279	4	0.554181232	None	99.725	2.670049937	4	1.072600161	Up	127.8	2.46069096	4	1.374563055	93	6	4		
1622893_at	Down	89	5.9	4	0.1	Up	4115.7	202.4	4	2.9	Down	380.7	40.1	4	0.3	Down	6.6	1.2	0	0	Down	314.4	19.5	4	0.2	Down	87.5	34.2	3	0.1	Down	3	1.6	1	0	Down	8.5	2	2	0	Down	12.1	2.5	0	0	Down	1.8	0.9	0	0	None	1097.2	956.5	4	0.8	Down	114.5	19.6	4	0.1	Up	4432	315.2	4	3.1	Down	19.1	4.1	1	0.01	Down	23.2	16.6	1	0.02	Down	26	4.8	0	0.02	Down	26.4	2.9	4	0.02	Up	4808.8	134.5	4	3.39	Up	3689.3	332.5	4	2.6	Down	4.45	0.4	1	0	Up	4560	466.8	4	3.22	Down	29.1	10.21379786	4	0.020522585	None	2281.675	586.5692349	4	1.609136429	Up	2750.025	372.6516053	4	1.939437216	Down	27.725	43.96281573	2	0.019552876	Down	1.875	0.833041616	0	0.001322332	1418	83.8	4		
1622894_at	Down	6.1	1.4	0	0.2	None	35.6	1.8	4	1.3	None	17.7	2.8	0	0.7	None	8.5	0.9	0	0.3	None	20.5	4.1	0	0.8	Down	4.7	0.5	0	0.2	None	7	1	0	0.3	None	7.5	2.5	0	0.3	None	8	2.4	0	0.3	Down	5.8	1.1	0	0.2	None	31.2	4.1	0	1.2	Down	6.7	3.5	0	0.2	Up	113.3	9.3	4	4.2	None	16.6	5.7	0	0.62	Down	5.2	1.6	0	0.19	Down	7.3	3.3	0	0.27	None	7.4	0.7	0	0.28	Up	192.1	14.8	4	7.17	Up	80.1	16.4	4	2.99	Down	4.95	3.1	0	0.18	Up	187.3	19.7	4	6.99	None	7.425	2.360923195	0	0.277052239	None	18.65	2.670049937	0	0.695895522	Up	87.125	5.295969379	4	3.250932836	Down	1.2	1.6673332	0	0.044776119	Down	4.775	1.56544722	0	0.178171642	26.8	6.5	2		
1622895_at	Down	78.5	3	4	0.7	Down	61.5	2.5	4	0.5	Down	69	5.2	4	0.6	Down	64.2	4.5	4	0.6	Down	50.2	4.7	4	0.4	Down	73.1	10.6	3	0.6	Up	227.8	3.4	4	2	Down	40.3	1.4	4	0.3	Up	141.6	8.1	4	1.2	Down	59.1	3.9	4	0.5	Down	60	2.4	4	0.5	Down	83.6	3.8	4	0.7	Down	58	2.8	4	0.5	Down	79.1	7.4	4	0.68	Up	131.5	1.8	4	1.13	Down	49.9	4.4	4	0.43	Down	62.5	0.8	4	0.54	Down	77.7	1.8	4	0.67	None	102.3	6.6	4	0.88	Up	160.125	5	4	1.38	Down	92.5	11.2	4	0.79	None	87.975	11.12724696	4	0.755798969	Down	56.8	2.43276249	4	0.487972509	Down	55.625	4.137707699	4	0.477878007	None	113.9	12.1674429	4	0.978522337	Up	142.375	6.283891443	4	1.223152921	116.4	2.3	4		
1622896_at	Down	27.8	0.7	4	0.3	Up	221.6	4.6	4	2.7	Down	65.4	4	4	0.8	Up	142.9	6.7	4	1.7	Down	54.9	6.1	4	0.7	Down	25.9	1.6	4	0.3	None	90.4	4.5	4	1.1	Down	24.5	1.9	4	0.3	Down	25.5	3	2	0.3	Up	277	3.1	4	3.4	None	81.8	4.5	4	1	Down	31	3.2	4	0.4	Up	176.9	2.1	4	2.2	Down	23.8	2.2	2	0.29	Down	25	2.9	4	0.31	Up	243.7	48.4	4	2.98	Down	59.6	7.3	4	0.73	None	81.8	4.7	4	1	Up	102.6	4.5	4	1.25	Down	23.2	3.4	4	0.28	Up	276.8	41.4	4	3.38	Down	42.525	6.779426598	4	0.520024457	Up	593.675	81.1734601	4	7.25985937	Up	293.05	9.223565833	4	3.583613574	Up	102.825	11.68171648	4	1.257413635	Up	107.35	7.383822407	4	1.312748395	81.8	3.2	4		
1622897_at	None	8.4	0.5	0	1.1	None	7.2	2.2	0	1	None	9.9	0.9	0	1.3	None	7.8	3.1	0	1	None	9.2	2.2	0	1.2	None	6.8	1.7	0	0.9	None	5.7	1.7	0	0.7	None	6.7	2.1	0	0.9	None	7.5	3	0	1	None	9.1	0.9	0	1.2	Up	18.3	2.6	3	2.4	None	14	2.3	1	1.9	None	10.8	2.5	0	1.4	None	9.7	5.9	0	1.29	None	10.3	2.4	1	1.36	None	10.4	1.6	0	1.37	None	12	2.2	1	1.59	None	7.3	1.5	0	0.96	None	7.8	2.5	0	1.04	Up	19.625	4.4	4	2.6	Up	20.5	8.1	1	2.72	Up	18.475	1.311725962	0	2.447019868	Down	3.1	1.109804788	0	0.410596026	None	4.4	1.80600849	0	0.582781457	None	6.975	3.395462659	1	0.92384106	None	6.625	1.039531144	0	0.877483444	7.6	0.7	0		
1622898_a_at	None	212.9	5.4	4	0.9	Down	107.1	6.7	4	0.4	Down	85.7	4.9	4	0.4	Down	106.1	4.3	4	0.4	Down	125.4	2	4	0.5	Down	102.1	6.6	4	0.4	Up	339.7	4.9	4	1.4	None	244.1	5.6	4	1	Down	98.4	2.7	4	0.4	Down	27.5	0.9	4	0.1	Down	43.4	8.1	4	0.2	Down	175.7	3.6	4	0.7	Down	92.6	3.3	4	0.4	Down	105.4	8.8	4	0.44	Down	146.2	3.3	4	0.61	Down	83	6.9	4	0.35	Down	137.5	15.2	4	0.57	Down	39	1.1	4	0.16	Down	51.6	2.2	4	0.22	None	212.85	13.4	4	0.89	Down	75	7.5	4	0.31	Down	121.325	19.19116007	4	0.506311946	Down	96.925	6.203678344	4	0.404486176	Down	95.275	4.127625427	4	0.397600417	None	200.025	30.0329125	4	0.834741784	None	215.675	6.060579593	4	0.900052165	239.6	17.7	4		
1622899_at	None	6.9	0.6	3	0.8	None	7	0.7	2	0.8	None	9.5	1.5	1	1.2	None	6.4	3	1	0.8	None	8.6	0.8	1	1	Up	12.1	1.2	3	1.5	None	10.8	1.4	4	1.3	None	6.6	1.7	3	0.8	None	13.1	3.1	2	1.6	None	12.1	2.1	3	1.5	None	9.9	3.1	2	1.2	None	12.6	2	2	1.5	None	7	2	0	0.9	None	8.8	2.9	1	1.08	None	13.6	1.8	2	1.66	None	8.7	2.6	1	1.06	None	10.7	1.8	3	1.3	None	5.4	1.6	2	0.66	None	9	1.2	2	1.09	None	11.05	0.9	4	1.35	None	7.5	2.6	3	0.92	None	8.65	1.546231979	1	1.054878049	None	11.95	1.283549765	4	1.457317073	None	6.25	0.68495742	1	0.762195122	None	14.225	4.345399867	3	1.734756098	None	7.95	0.920597632	3	0.969512195	8.2	1.4	2		
1622900_at	None	3.7	1.2	1	0.9	None	5.3	0.9	1	1.2	None	3.1	1.1	0	0.7	None	2.3	0.9	0	0.5	None	4.6	1.3	1	1.1	None	4.4	0.8	0	1	None	2.6	0.6	1	0.6	None	5.9	0.8	2	1.4	Up	30.3	2.6	4	7.1	None	6	1.4	1	1.4	None	4.2	1.4	0	1	None	5.2	1.7	1	1.2	None	4.8	1.9	0	1.1	None	10.3	3.1	1	2.4	None	5.1	0.7	0	1.2	None	2.7	1.6	0	0.63	None	2.8	1.4	1	0.66	None	3	1	0	0.7	None	3.2	0.3	0	0.74	None	4.15	1.9	3	0.97	None	3	2.6	0	0.7	None	1.675	0.394493346	0	0.391812865	None	4.1	1.675808263	0	0.959064327	None	2.6	1.225425096	0	0.608187135	None	2.05	1.926136028	0	0.479532164	None	3.6	0.85926325	1	0.842105263	4.3	1.4	0		
1622901_at	Down	3.8	1.3	0	0.1	Down	4.1	1	0	0.1	Down	3	1.3	0	0.1	Down	11.1	2.7	0	0.3	Up	2648	101.3	4	69	Down	13.5	8.7	0	0.4	Down	2.1	0.9	0	0.1	Down	2.4	1.3	0	0.1	Down	9.6	3.9	0	0.3	Down	2.2	0.9	0	0.1	Down	3.5	1.4	0	0.1	Down	0.8	0.2	0	0	Down	6.5	1.4	0	0.2	Down	7.7	4.8	0	0.2	Down	4.6	1.3	0	0.12	Down	6.2	3.3	0	0.16	Up	180.5	31	4	4.7	Down	2.9	1.3	0	0.07	Down	2.1	0.5	0	0.05	Up	103.6	14.7	4	2.7	Down	5.3	1.4	0	0.14	Up	239.6	31.5222937	4	6.239583333	Down	4.325	1.306633716	0	0.112630208	Down	3.025	1.143368561	0	0.078776042	Down	8.8	14.23259171	1	0.229166667	Down	2.425	0.423034672	0	0.063151042	38.4	3.4	4		
1622902_at	Down	3	1.2	0	0	Up	1449.2	107.9	4	15.6	Down	1.8	0.4	0	0	Down	1.4	0.3	0	0	Down	1.2	0.3	0	0	Down	2.4	0.3	0	0	Down	0.9	0.1	0	0	Down	1.2	0.2	0	0	Down	1.7	0.4	0	0	Down	1.4	0.4	0	0	Down	6.2	4	0	0.1	Down	2.8	1.1	0	0	Down	7.7	4	0	0.1	Down	7.1	1.5	0	0.08	Down	3.5	0.7	0	0.04	Down	2.6	0.3	0	0.03	Down	2.5	0.6	0	0.03	Down	3.7	1.4	0	0.04	Down	3.3	1.3	0	0.04	Down	2.65	1.6	0	0.03	Down	7.7	2.7	0	0.08	Down	14.2	10.13549867	0	0.15297603	None	174.925	84.82063797	3	1.884460005	Down	3.425	0.755397246	0	0.036897388	Down	7.175	3.456756669	0	0.077295987	Down	28.175	2.139460602	0	0.303528144	92.8	8.5	4		
1622903_s_at	Up	273.3	3.3	4	2.5	None	116	2.1	4	1.1	None	114.6	2.3	4	1.1	Down	69.8	2.9	4	0.6	Down	82.8	2.1	4	0.8	Down	87.4	5.9	4	0.8	Up	261	6.5	4	2.4	Down	16.5	1.3	4	0.2	Up	210.5	11.9	4	1.9	None	104.5	6.2	4	1	Down	69.3	5.5	4	0.6	Up	281.3	13.8	4	2.6	Down	72.6	4.7	4	0.7	Up	139.7	5.3	4	1.29	Up	187.8	6.3	4	1.74	Down	67.3	2.4	4	0.62	None	104.8	1.7	4	0.97	Down	70.9	5.2	4	0.66	Down	85	1.5	4	0.79	Up	244.875	11.6	4	2.27	Down	55.6	1.5	4	0.51	None	118.6	4.775109074	4	1.097386074	None	109.4	1.761628035	4	1.012260005	Down	61.1	1.430617582	4	0.565348138	None	113.175	10.4732596	4	1.047189452	Down	73.45	2.726566828	4	0.679620634	108.1	4.1	4		
1622904_at	None	4.9	1.5	0	1	None	7.1	1.7	0	1.4	None	8	2.1	0	1.6	None	3.4	1.8	0	0.7	None	7.1	1.3	1	1.4	Down	3.1	0.6	0	0.6	None	4	1	0	0.8	None	4.8	1.8	1	1	None	9.3	2.6	0	1.9	None	5.7	1.6	1	1.2	Up	9.3	1.3	0	1.9	None	4.7	1.2	0	0.9	None	7.2	1.9	0	1.5	Up	20	2.4	0	4.05	None	7.3	1.1	0	1.48	None	4	1.4	0	0.81	Down	1.8	0.6	0	0.36	None	7.8	1.4	1	1.58	None	8	1.6	0	1.62	None	4.875	0.6	0	0.99	Up	11.6	1.4	2	2.36	None	6.925	0.676233441	0	1.406091371	None	3.95	1.376892637	1	0.802030457	None	5.6	2.197346885	0	1.137055838	None	6.3	3.682390528	2	1.279187817	None	7.525	1.127959071	1	1.527918782	4.9	0.7	0		
1622905_at	None	1.5	0.1	0	0.7	None	1.4	0.5	0	0.7	None	2.9	1.4	0	1.4	None	2.2	1.1	0	1	None	0.9	0.1	0	0.4	None	2.4	0.8	0	1.1	None	0.6	0.2	0	0.3	None	1	0.5	0	0.5	None	1.1	0.3	0	0.5	None	1.7	0.6	0	0.8	None	5	2.4	0	2.4	None	0.8	0.2	0	0.4	None	4.1	3.1	0	2	None	6.2	2.9	0	2.96	None	3.7	1.7	0	1.76	None	4.9	2.4	0	2.35	None	1.4	0.6	0	0.69	None	3.1	1.2	0	1.48	None	1.2	0.7	0	0.58	None	1.125	0.9	0	0.54	None	1.1	0.6	0	0.52	None	2.25	0.741057803	0	1.084337349	None	2.075	0.996138377	0	1	None	0.725	0.35910769	0	0.34939759	None	2.525	1.053169819	0	1.21686747	None	0.875	0.366003188	0	0.421686747	2.1	0.9	0		
1622906_at	Up	251.6	9	4	1.9	None	177.7	20.7	4	1.3	None	114.2	4.8	4	0.8	Down	58.9	4.9	4	0.4	Up	219.9	20.1	4	1.6	Down	119.5	5.6	4	0.9	Up	257.5	19.8	4	1.9	Down	42.7	0.6	4	0.3	Down	58.3	6.8	4	0.4	Down	41.8	4.8	4	0.3	None	116.2	7.9	4	0.9	Up	279.3	8.3	4	2.1	None	138.1	4.2	4	1	Down	80.6	5.4	4	0.6	Down	20.8	2.6	4	0.15	None	97.9	4.6	4	0.73	None	94.9	8.7	4	0.71	None	97	3.8	4	0.72	None	101.9	3	4	0.76	Down	23.25	5.4	4	0.17	Down	60.8	10.3	4	0.45	Up	547.75	46.77908186	4	4.074762879	None	97.4	6.75980769	4	0.724567603	Down	31.45	3.469269856	4	0.233959457	Up	430.85	52.02566674	4	3.205132974	Down	3.675	1.54616461	0	0.027338665	134.4	15.5	4		
1622907_at	Up	214.1	5.2	4	1.9	Up	182	2.7	4	1.6	Up	159.4	12	4	1.4	Up	200.9	4.1	4	1.7	Up	173.7	1	4	1.5	Up	145.5	5.5	4	1.3	Down	86.9	1.8	4	0.8	Down	26.7	3.2	4	0.2	Up	204.1	3.7	4	1.8	Up	292.6	8.4	4	2.5	Up	268.8	35.6	4	2.3	Up	235.1	8.3	4	2	Up	158.9	6.6	4	1.4	Up	303.4	20.4	4	2.63	None	193.7	31.7	4	1.68	Up	176.2	8.5	4	1.53	Up	143	4.1	4	1.24	Up	144.1	2.9	4	1.25	Up	178.1	10.5	4	1.54	None	108.3	8.6	4	0.94	Up	183.1	27.1	4	1.59	None	110.45	3.933298022	4	0.957105719	Up	217.525	5.083531417	4	1.884965338	Up	279.2	7.597587336	4	2.419410745	None	134.8	22.58731207	4	1.168110919	Up	134.525	3.254580106	4	1.165727903	115.4	4.2	4		
1622908_a_at	Down	5.3	1	1	0.1	None	56.3	7	4	1.6	Down	11	1.6	2	0.3	Up	163.5	19.7	4	4.6	None	28.8	2.3	4	0.8	Down	17.3	2.7	2	0.5	None	47.5	4.7	4	1.3	Down	11.5	0.6	2	0.3	Down	4.7	1.5	0	0.1	None	53.9	6.1	4	1.5	Up	2949.8	415.5	4	83.9	Down	4.7	1.9	0	0.1	None	56.6	7.5	3	1.6	Down	11.2	4.5	0	0.32	Up	89.6	8.1	4	2.55	Up	248.2	17.3	4	7.05	None	164.5	46.9	4	4.68	Up	282.4	44.4	4	8.03	Up	112.8	6.5	4	3.21	Down	8.3	1.2	2	0.24	Up	105.7	26.9	4	3	None	31.975	4.491728509	4	0.909026297	None	73.675	47.86107282	4	2.094527363	None	95.05	35.93606591	4	2.702203269	Up	105.625	28.10899915	4	3.002842928	Up	1499.8	46.91110387	4	42.63823738	35.2	1.4	4		
1622909_at	None	206.5	4.6	4	1.2	Down	99.2	6.8	4	0.6	None	186	7.7	4	1.1	Up	350.5	32.3	4	2	None	201	4.3	4	1.2	Down	66.2	12.4	4	0.4	Up	425.2	7.6	4	2.4	Down	54.5	3.4	4	0.3	Up	236.8	5.9	4	1.4	Up	250.4	20.3	4	1.4	None	163	11.7	4	0.9	None	155.8	6.5	4	0.9	Down	101.9	14.1	4	0.6	Down	105	15.3	4	0.6	Up	302.4	6.9	4	1.74	Up	375.6	24.1	4	2.16	Up	323.9	8.4	4	1.86	Down	96.7	10.5	4	0.56	Down	108.7	4.3	4	0.63	None	194.825	39.4	4	1.12	None	157.8	26.5	4	0.91	Up	274.375	11.05413761	4	1.579136691	Down	86.4	2.38117618	4	0.497266187	None	183.95	11.53151479	4	1.058705036	Up	294.275	29.55293274	4	1.693669065	Up	287.975	9.894053349	4	1.657410072	173.8	12.9	4		
1622910_at	None	5.7	1.2	0	1	None	4.4	1.7	0	0.8	None	4.5	2.4	0	0.8	None	5.4	2.1	1	0.9	None	4.6	1.4	0	0.8	Down	3.6	1	0	0.6	None	2.4	0.8	0	0.4	None	6.1	0.5	0	1.1	None	3.9	1.2	0	0.7	None	4.8	2.1	0	0.8	None	10.4	0.9	0	1.8	None	5.3	1.1	0	0.9	None	7.8	2.5	0	1.4	None	9	3.2	0	1.57	None	4.7	2	0	0.81	None	5.6	1.6	0	0.97	None	2.3	0.8	0	0.4	None	7.1	0.7	0	1.24	Down	0.8	0.2	0	0.14	None	3.975	1.7	0	0.69	None	6.9	1.9	0	1.2	None	7.975	1.092684004	0	1.386956522	None	4.425	1.013553978	0	0.769565217	None	3.45	1.548386257	0	0.6	None	3.125	1.543534904	0	0.543478261	None	7.275	1.381047308	0	1.265217391	5.8	1.5	0		
1622911_at	None	2	1	0	3.1	None	2.2	1	0	3.3	None	1.7	0.7	0	2.6	None	1.1	0.5	0	1.6	None	0.8	0.3	0	1.2	Up	2.2	0.3	0	3.4	None	2.4	0.8	0	3.6	Up	3.4	0.3	0	5.3	None	1	0.2	0	1.6	None	1.3	0.3	0	1.9	Up	5.6	1.4	0	8.6	None	3	1.3	0	4.6	None	5.3	1.8	0	8.2	None	8.5	2.8	0	13.12	None	4.5	1.4	1	6.88	None	2.2	1.3	0	3.31	None	1.4	0.6	0	2.15	None	4.2	1.3	0	6.5	Up	4.9	1.1	0	7.46	Up	3.425	1.2	0	5.27	None	4.4	3.1	1	6.81	None	3.325	1.003639211	0	5.115384615	None	2.375	1.220228804	0	3.653846154	None	5.075	2.05035566	2	7.807692308	None	2.925	2.341473895	0	4.5	Up	2.45	0.533072853	0	3.769230769	0.7	0.1	0		
1622912_at	Up	154.4	6.3	4	2.2	None	57.6	3.5	4	0.8	Down	39.5	2.1	4	0.6	None	65.6	6.4	4	0.9	None	88.5	2.8	4	1.3	Up	95.7	7.8	4	1.4	None	63.7	4.2	4	0.9	Down	2.3	0.7	0	0	Down	35.1	2.8	4	0.5	None	59.3	1.5	4	0.8	Down	32.4	7.6	2	0.5	Up	124.8	11.2	4	1.8	Up	195.8	2.9	4	2.8	None	58.6	4.2	4	0.84	None	49.5	2.6	4	0.71	None	57.8	4.4	4	0.83	Up	104.9	1.3	4	1.5	None	41.3	1.6	4	0.59	None	43.2	3.3	4	0.62	Down	27.825	1.9	3	0.4	None	41.6	5.2	4	0.6	Down	22.4	3.849675311	1	0.320457797	Down	34.8	2.900287342	4	0.497854077	None	42.375	2.037717269	4	0.606223176	Down	22.375	3.902456491	3	0.320100143	Down	38.5	0.963500562	4	0.550786838	69.9	9.8	4		
1622913_a_at	Up	87.6	2.4	4	13.2	None	24.6	5.8	3	3.7	None	5.3	2.1	0	0.8	Up	14.7	1.2	0	2.2	Down	3.3	0.7	0	0.5	Down	4	1	0	0.6	None	5.3	1.5	0	0.8	Down	1.8	0.9	0	0.3	None	7.1	2.9	0	1.1	Down	2.2	0.6	0	0.3	Down	1.3	0.1	0	0.2	Up	54.8	9.1	4	8.3	None	5.3	3	0	0.8	None	6.6	1.8	0	0.99	None	5.3	1.8	0	0.8	None	9.9	2.3	0	1.49	None	2.8	1.5	0	0.42	Down	3	0.3	0	0.46	None	5.8	2.2	0	0.87	Up	21.95	2.3	4	3.31	Down	1.9	0.6	0	0.28	None	6.775	2.277562659	0	1.022641509	None	8.075	1.924134004	0	1.218867925	Down	1.5	0.777817459	0	0.226415094	None	4.85	3.742102796	1	0.732075472	Down	3.4	0.595818764	0	0.513207547	6.6	1	0		
1622914_at	None	1.2	0.4	0	0.5	None	2.6	0.5	0	1	None	2.3	1.2	0	0.9	None	6.2	0.9	0	2.3	None	3	0.6	0	1.1	Down	1.6	0.4	0	0.6	None	0.6	0.1	0	0.2	None	0.7	0.2	0	0.3	None	1.6	0.2	0	0.6	None	1.7	0.8	0	0.7	None	6.8	3.2	0	2.5	None	2.4	1.7	0	0.9	None	4.8	1.8	0	1.8	None	2.9	1.6	0	1.08	None	0.6	0.1	0	0.23	None	5.4	1.8	0	2.05	None	0.7	0.3	0	0.25	None	3.4	0.8	0	1.29	None	1.6	0.6	0	0.6	None	0.575	0.2	0	0.22	None	0.8	0.3	0	0.31	None	0.925	0.201556444	0	0.349056604	None	2.825	1.194693127	0	1.066037736	None	2.175	0.700446286	0	0.820754717	None	0.425	0.189296945	0	0.160377358	None	0.4	0.070710678	0	0.150943396	2.7	1.6	0		
1622915_at	Down	2	1.3	0	0	Down	2.3	1.6	0	0.1	Down	3	1.4	0	0.1	Down	5.4	0.8	0	0.1	Down	6.9	1.4	0	0.2	Down	2.3	0.6	0	0.1	Down	1.1	0.4	0	0	Up	769.5	31.9	4	17.3	Down	6.6	4.1	0	0.1	Down	3.2	1.3	0	0.1	None	51.2	29.1	3	1.1	Down	3.1	0.8	0	0.1	Down	10.1	3.5	0	0.2	Down	7	4	0	0.16	Down	2.8	0.9	0	0.06	Down	2.2	0.7	0	0.05	Down	3	0.5	0	0.07	Down	3.4	1.4	0	0.08	Down	4.2	1.2	0	0.09	Down	3.175	0.6	0	0.07	Down	5.5	4.6	0	0.12	Down	5.1	1.190238071	0	0.114349776	Down	3.6	0.601387285	0	0.080717489	Down	0.85	0.517204022	0	0.019058296	Down	1.85	1.247664485	0	0.041479821	Down	3.425	0.406970515	0	0.076793722	44.6	2.6	4		
1622916_at	None	3	1.1	0	1.1	None	3.4	0.8	0	1.2	None	1.8	0.2	0	0.7	Up	7.3	1.4	0	2.7	None	4.8	1.9	0	1.7	None	3.3	0.8	0	1.2	None	4.4	1	0	1.6	Down	0.7	0.2	0	0.3	None	5.4	3	0	2	None	6.2	2	0	2.2	None	4	1.4	0	1.4	None	5.7	2.1	0	2.1	None	3.2	1.6	0	1.1	None	6.6	3.8	0	2.38	None	3.9	2.1	0	1.43	Up	10.8	2.1	0	3.94	None	3.7	1.4	0	1.34	None	3.8	0.6	0	1.37	None	4.4	1.5	0	1.6	Down	1.475	0.5	0	0.54	None	4.1	3.2	0	1.47	Down	1.5	0.141421356	0	0.545454545	None	3.675	1.994314836	0	1.336363636	None	3.7	0.546198987	1	1.345454545	None	5.225	5.057255514	0	1.9	Up	5.7	0.696419414	0	2.072727273	2.8	0.3	0		
1622917_a_at	Down	1.2	0.4	0	0	Down	3.6	2.1	0	0	Down	6.8	2.1	0	0	Down	4.3	1.1	0	0	Down	3.4	0.3	0	0	Down	3	0.6	0	0	Down	2.1	1.3	0	0	Up	1493.1	15.8	4	10.8	Down	8.9	2.4	0	0.1	Down	5.1	1.6	0	0	None	152.2	90.5	4	1.1	Down	6	0.6	0	0	Down	11	3.6	0	0.1	Down	4.6	1.8	0	0.03	Down	9.1	0.7	1	0.07	Down	4.8	2.1	0	0.04	Down	6.1	0.9	0	0.04	Down	4	0.9	0	0.03	Down	6.4	1.6	0	0.05	Down	4.85	1.5	2	0.04	Down	6.4	2.5	0	0.05	Down	6.325	1.11233613	0	0.045883206	Down	4.425	0.925	0	0.032100109	Down	3.05	0.983615779	0	0.022125499	Down	7.925	9.522385906	1	0.057490025	Down	3.35	0.790042193	0	0.024301777	137.9	11.7	4		
1622918_at	None	3	0.9	0	1.1	None	3.5	1.1	1	1.3	None	3.2	1.5	0	1.2	None	2.7	0.6	0	1	None	1.8	0.5	0	0.7	None	3.4	0.8	0	1.3	None	1	0.4	0	0.4	None	1.6	0.7	0	0.6	None	3.3	1.6	0	1.3	None	4.5	1.2	0	1.7	None	5.5	1	0	2.1	None	2.2	0.7	0	0.8	None	4.4	2.1	0	1.7	None	4	1.1	0	1.51	None	3	1.5	0	1.12	None	4.6	0.9	0	1.73	None	2.5	1.3	1	0.93	None	4.7	1.4	2	1.79	None	3.5	1	1	1.32	None	1.825	0.8	0	0.7	None	6.2	2.6	2	2.35	None	1.825	0.551324164	0	0.695238095	None	6.075	0.736404554	1	2.314285714	None	4.275	0.455292946	0	1.628571429	None	2.775	2.280898946	1	1.057142857	None	2.45	0.800520664	1	0.933333333	2.6	1.3	0		
1622919_at	None	4	1.6	1	1.6	None	2.9	1	0	1.1	None	2.5	0.9	0	1	None	2.7	0.9	0	1.1	None	1.9	1	0	0.7	Down	1.4	0.4	0	0.6	None	1.2	0.2	0	0.5	Up	9.5	1.7	2	3.7	None	3.7	1.3	0	1.4	None	1.5	0.6	0	0.6	None	2	0.3	0	0.8	None	2.6	0.6	0	1	None	3	1.1	0	1.2	None	6.3	1.3	0	2.45	None	1.6	0.3	0	0.64	None	5.3	1.7	0	2.09	None	2.3	0.6	0	0.88	None	2.6	1.3	0	1.02	None	2.6	1.1	0	1.03	None	1.7	0.5	0	0.67	None	7	7.5	1	2.75	None	1.55	0.330403793	0	0.607843137	None	5	1.913548188	0	1.960784314	None	4.05	0.759934208	0	1.588235294	None	2.35	2.033879708	0	0.921568627	None	1.3	0.091287093	0	0.509803922	2.6	0.7	0		
1622920_at	Down	74.3	2.9	4	0.4	Up	2649.8	74.7	4	14.1	Down	2.2	1	0	0	Down	5.6	1.6	0	0	Down	2	0.7	0	0	Down	2.4	0.5	0	0	Down	0.5	0.2	0	0	Down	3	0.7	0	0	Down	2.1	1.5	0	0	Down	1.4	0.4	0	0	Down	3	1.6	0	0	Down	3.7	1.6	0	0	Down	1.6	0.4	0	0	Down	5.4	2.5	0	0.03	Down	2.9	0.9	0	0.02	Down	21.3	3	2	0.11	Down	2.1	1	0	0.01	Down	2.7	0.5	0	0.01	Down	3.4	1.3	0	0.02	Down	2.5	2.9	0	0.01	Down	1.2	0.5	0	0.01	Down	1.525	0.411045415	0	0.00809448	Up	6507.75	35.51155915	4	34.54219745	Down	5.075	1.608506036	0	0.026937367	None	114.85	222.8613096	1	0.609607219	Down	0.925	0.232289331	0	0.004909766	188.4	11.9	4		
1622921_at	None	228.2	1.2	4	1.1	Down	135	4.2	4	0.7	Down	137.2	6.4	4	0.7	Down	76.7	3.9	4	0.4	Down	101.1	3.8	4	0.5	Down	71	2.5	4	0.4	Up	275.5	3.7	4	1.4	Up	641.6	28.3	4	3.2	None	223.2	12	4	1.1	Down	96.9	3.5	4	0.5	None	172.7	21	4	0.9	None	178.6	9.8	4	0.9	Down	92.7	8.8	4	0.5	Down	122.6	9.1	4	0.61	None	174.1	10.6	4	0.87	Down	88.4	4.3	4	0.44	Down	118.2	7.9	4	0.59	Down	123.1	2.8	4	0.61	Down	139.9	14.3	4	0.7	None	196.4	12.7	4	0.98	Down	110.9	5.3	4	0.55	Down	114.375	3.875645108	4	0.571161049	Down	153.55	6.272492859	4	0.766791511	Down	128.4	3.033974291	4	0.641198502	None	180.775	13.88893444	4	0.902746567	Up	528.25	10.5877681	4	2.637952559	200.3	10.9	4		
1622922_at	Up	25.9	2.4	4	5.6	None	5	0.9	1	1.1	None	4.8	1	1	1	None	2.2	1.3	0	0.5	None	1.7	1.2	0	0.4	None	3.4	0.8	0	0.7	None	2.1	0.9	0	0.5	Up	10.5	1	4	2.3	None	4.9	1.7	0	1.1	None	5.1	2	0	1.1	None	2.9	1.7	0	0.6	None	14.6	3.5	3	3.2	None	5.8	3.1	0	1.3	None	15.3	4.9	0	3.31	None	5.3	2.1	1	1.14	None	3.6	0.7	0	0.77	None	2.2	0.6	0	0.48	None	3.7	1.4	0	0.79	None	5.2	0.5	0	1.13	Up	11.775	3.2	4	2.55	None	5.9	1.1	0	1.28	None	3.625	1.498540957	0	0.783783784	None	3.525	1.118313462	0	0.762162162	None	3.65	2.064582282	0	0.789189189	None	2.575	1.443086969	0	0.556756757	Down	1.075	0.515388203	0	0.232432432	4.6	0.8	0		
1622923_at	Up	227.9	10.1	4	24	Up	84.9	8.8	4	8.9	Down	4.2	1.4	0	0.4	Down	3.1	1.7	0	0.3	Down	4.9	0.8	2	0.5	None	7.3	1.4	1	0.8	Down	2.3	0.8	0	0.2	Down	2.6	0.3	0	0.3	None	4.8	1.7	0	0.5	None	6	1.3	2	0.6	Down	4.6	0.4	0	0.5	Up	372.6	23.9	4	39.2	None	5.2	2.3	0	0.5	None	5.4	2.1	0	0.57	Down	2.4	1.1	0	0.25	Down	3.7	1.1	0	0.38	None	5.6	0.6	2	0.58	None	4.9	1.3	2	0.52	None	6.9	2.1	2	0.72	Up	660.875	33.4	4	69.57	None	7.2	4	1	0.76	Down	4.65	0.640962817	0	0.489473684	Up	36.475	2.93296636	4	3.839473684	Down	1.95	0.954375887	0	0.205263158	Down	4.05	1.8734994	1	0.426315789	Down	1.75	0.862650953	0	0.184210526	9.5	1.5	4		
1622924_at	Down	3	0.7	0	0.1	Down	3.1	1.3	0	0.1	Down	6.5	0.9	0	0.1	Down	8.6	1.8	0	0.2	Down	2.8	1.3	0	0.1	Down	6.6	0.4	0	0.1	Down	3.5	0.4	0	0.1	Down	5	1.5	1	0.1	Down	4.7	2.2	1	0.1	Down	7.4	2.1	0	0.2	Down	2.4	1.1	0	0.1	Down	7	1.5	1	0.1	Up	330.6	12.3	4	7	Down	7.2	4.2	0	0.15	Down	4	1.4	0	0.08	Down	3.8	1.4	0	0.08	Down	4.7	1.7	0	0.1	Down	4.6	1.8	0	0.1	Down	3.4	0.7	0	0.07	Down	2.7	1.8	0	0.06	Down	9.5	4.9	0	0.2	Down	3.175	1.419727086	0	0.06691254	Down	2.85	0.721687836	0	0.060063224	Down	3.4	1.035213344	0	0.071654373	Down	3.85	2.436527584	0	0.08113804	Down	5.175	0.451617463	0	0.109062171	47.5	4.1	4		
1622925_at	None	213	17.2	4	1.6	Down	29.9	5.8	4	0.2	Down	87.5	3.7	4	0.7	Down	78.9	2.3	4	0.6	Down	86.4	7.7	4	0.7	Down	43.8	3	4	0.3	Up	374	3.8	4	2.8	Down	48.2	6.2	4	0.4	Down	61.5	6.4	4	0.5	Down	81.1	5	4	0.6	Down	86.7	5.4	4	0.7	None	100.4	14.1	4	0.8	Down	54.8	8.5	4	0.4	Down	53.2	11.8	4	0.4	None	151	11.2	4	1.14	Down	51.3	3.4	4	0.39	None	98.7	4.4	4	0.75	Down	35.7	1.2	4	0.27	Down	52.5	3.3	4	0.4	None	162.425	15	4	1.23	Down	61.8	15.8	4	0.47	None	129.175	11.56556491	4	0.978413179	Down	37.5	5.146034072	4	0.284037114	Down	56.725	3.56402745	4	0.429653475	None	108.4	11.55508546	4	0.821056618	None	121.925	1.229074855	4	0.923499337	132	12.9	4		
1622926_at	Down	20.7	1.6	4	0.2	Down	23.2	2.5	4	0.3	Down	32.6	0.7	4	0.4	Down	23.9	1.3	4	0.3	Down	18	2.4	4	0.2	Down	22.6	2.1	4	0.2	Up	291.1	4	4	3.2	Down	11.6	0.9	4	0.1	Down	41.6	5.6	4	0.5	Down	23.1	1.7	4	0.3	Down	27	3.5	4	0.3	Down	20.2	2.5	4	0.2	Down	21.9	3.7	4	0.2	Down	25.4	1.9	4	0.28	Down	60.1	8.5	4	0.66	Down	21	2	4	0.23	Down	32.9	1.4	4	0.36	Down	16.9	1.5	4	0.19	Down	26	2.6	4	0.29	Down	58.95	4.3	4	0.65	Down	32.5	3.3	4	0.36	Down	38	7.003689504	4	0.419541816	Down	13.075	0.545244593	4	0.144355506	Down	14.45	2.23960562	4	0.159536296	Down	36.825	6.843183957	4	0.406569142	Down	55.15	0.357071421	4	0.608887662	90.6	5.2	4		
1622927_at	None	1.2	0.5	0	0.5	None	1.8	0.7	0	0.7	None	1	0.1	0	0.4	None	4	0.5	0	1.5	None	2.2	0.6	0	0.9	None	2.3	0.6	0	0.9	None	1	0.2	0	0.4	None	1.5	0.5	0	0.6	None	3.6	1.7	0	1.4	None	1.2	0.2	0	0.4	Up	15.3	2.7	1	5.9	None	0.6	0	0	0.2	None	4.4	2.5	0	1.7	None	11.5	3.5	0	4.48	None	3.5	1.5	0	1.36	Up	9.2	1.9	0	3.56	None	3.3	1	0	1.28	None	3.2	1.2	0	1.24	None	4.5	0.9	0	1.76	None	0.8	0.3	0	0.31	None	2.5	1.5	0	0.97	None	1.475	0.249582986	0	0.572815534	None	3.6	1.364429063	0	1.398058252	Up	8.15	0.868427698	1	3.165048544	None	0.85	0.525991128	0	0.330097087	None	0.6	0.070710678	0	0.233009709	2.6	1.1	0		
1622928_at	Up	103.5	2.4	4	1.4	Down	49.5	5.9	4	0.7	Down	47.4	4.1	4	0.7	Down	39.3	3.4	4	0.5	Down	49.2	4.7	4	0.7	Down	56.1	4.2	4	0.8	Up	107	5	4	1.5	Up	206.7	7.4	4	2.9	None	76.2	2.3	4	1.1	Down	43.1	2.6	4	0.6	Down	34.9	7	3	0.5	Up	104.8	3.9	4	1.5	Down	36.3	3.2	2	0.5	None	63.1	13.1	4	0.88	None	75	2.8	4	1.05	Down	39.3	1.6	4	0.55	Down	54.5	1.6	4	0.76	None	65.4	3.5	4	0.91	None	66.8	2.6	4	0.93	Up	151.625	6.6	4	2.12	Down	29.3	7.1	1	0.41	Down	44.05	3.589916434	4	0.6145797	Down	50.875	2.194832947	4	0.709801186	Down	25.15	2.484116208	4	0.350889431	None	73.725	4.012792045	4	1.028601325	Up	81.55	1.947006249	4	1.137774677	71.7	2	4		
1622929_at	Up	75.6	2.5	4	13.3	None	7.3	1.3	1	1.3	Up	12.2	1.6	0	2.1	None	3.3	0.9	0	0.6	None	4.4	1.3	0	0.8	Down	2.3	0.8	0	0.4	Down	1.4	0.6	0	0.2	None	8.1	0.5	2	1.4	None	8.3	2.1	0	1.5	Down	1.8	0.9	0	0.3	Down	2.2	0.8	0	0.4	Up	57.2	10.2	4	10	None	6.7	2.3	0	1.2	None	4	1.7	0	0.71	Down	0.8	0.2	0	0.14	None	2.8	1.1	0	0.5	Down	2.2	1.1	0	0.38	Down	1.3	0.3	0	0.22	Down	1.6	0.7	0	0.29	Up	16.35	2.5	4	2.87	None	6	1.7	0	1.06	Down	1.775	0.8740471	0	0.311403509	Up	11.25	0.730867065	3	1.973684211	None	8.2	2.387816297	3	1.438596491	Down	1.025	0.85	0	0.179824561	Down	1.925	0.651120829	0	0.337719298	5.7	0.9	0		
1622930_a_at	Down	47.5	3.1	4	0.6	Down	39.4	2.2	4	0.5	Down	49.8	1.2	4	0.6	Down	60.9	3.2	4	0.8	Down	45.9	1.9	4	0.6	Up	98.1	2.5	4	1.2	Up	143.2	4.2	4	1.8	Down	41.3	2.7	4	0.5	Down	70.8	2	4	0.9	Up	125.3	3.5	4	1.6	Down	51	1.9	4	0.6	Down	46.7	2.2	4	0.6	Down	41.7	3.5	4	0.5	Down	46.8	3.8	3	0.58	None	84.1	5	4	1.05	Down	47.4	4	4	0.59	None	71.7	2.9	4	0.89	None	87	5.3	4	1.09	None	81.2	3.2	4	1.01	Up	138.475	8.4	4	1.73	Down	48	3.8	4	0.6	Down	52.525	1.594979101	4	0.655333749	Down	41.3	1.793506807	4	0.515283843	Down	38.875	3.376727953	4	0.485028072	None	80.525	4.558782732	4	1.004678727	Up	136.65	3.857784338	4	1.70492826	80.2	2.3	4		
1622931_at	Up	96.1	2.4	4	1.8	Down	29.2	1.9	4	0.5	None	44.1	5.5	4	0.8	Down	33.3	2.2	4	0.6	Down	32.4	3.2	4	0.6	Down	37.1	1.1	4	0.7	Up	204.5	7.4	4	3.7	Down	33.2	1.5	4	0.6	None	57.8	4.1	4	1.1	None	61.5	5.4	4	1.1	None	61.9	3.6	4	1.1	Up	74.6	3.5	4	1.4	Down	32.6	2.4	4	0.6	None	67.8	3.3	4	1.24	None	71	3.7	4	1.3	None	42.1	1.5	4	0.77	None	55.9	1.8	4	1.02	None	52.1	2.6	4	0.95	None	52.4	1.9	4	0.96	Up	175.675	13.8	4	3.21	None	38	7.8	4	0.69	None	44.95	1.203813385	4	0.821004566	None	36.475	0.962959847	4	0.666210046	Down	24.325	2.751779727	4	0.444292237	None	59.125	1.340087062	4	1.079908676	Up	99	0.696419414	4	1.808219178	54.8	6.3	4		
1622932_s_at	None	140.9	8	4	0.8	Up	334.8	18.3	4	1.9	Down	14.3	1.7	3	0.1	Down	28.6	1.7	4	0.2	Down	16.8	0.5	4	0.1	Down	12.9	2.7	2	0.1	Up	343.3	9.7	4	1.9	Down	71.9	4	4	0.4	Down	13.1	2	0	0.1	Down	66.8	13.9	4	0.4	Down	57.2	8.7	4	0.3	None	127.1	5.4	4	0.7	Down	17.7	3.3	1	0.1	Down	13.2	3.3	1	0.07	Down	12.8	0.7	2	0.07	Down	65.4	2.1	4	0.36	Down	30	1.4	4	0.17	Down	11.1	0.5	1	0.06	Down	17	3	3	0.09	Up	733.8	91.6	4	4.08	Down	21.2	7.1	4	0.12	None	130.6	23.23800766	4	0.726766834	Up	1488.325	97.05193949	4	8.282276016	Down	11.475	2.315302356	3	0.063856427	Up	983.3	142.1927096	4	5.471897607	Down	15.325	1.613162009	3	0.085281024	179.7	18.2	4		
1622933_at	Down	10.3	1.8	4	0.3	Down	10.7	1.5	4	0.3	Down	15.7	1.1	4	0.4	None	42.4	0.6	4	1.1	Down	27.6	1.3	4	0.7	None	39.6	3.5	4	1	Up	78.2	2.9	4	2.1	Up	148.9	10.6	4	3.9	Down	19.6	2	4	0.5	Down	20.3	0.5	4	0.5	None	30.9	10.8	3	0.8	Down	9	1.2	3	0.2	Down	17.7	2.4	0	0.5	None	40	3.8	3	1.06	Down	25.8	2.6	4	0.68	Down	28.7	2.4	4	0.76	None	38.3	3.7	4	1.01	Down	9.2	0.2	4	0.24	Down	11.6	1.1	2	0.31	Down	8.95	1.6	4	0.24	Down	23.3	1.8	4	0.61	Down	10.55	0.94030137	1	0.278731836	Down	14.15	1.387143348	4	0.373844122	Down	21.625	1.212693284	4	0.571334214	Down	18.625	1.937997248	4	0.492073976	Down	16.5	1.904818452	4	0.435931308	37.9	2.4	4		
1622934_at	Up	16.6	1.5	0	2	None	8.9	2.3	0	1.1	Up	20	2.9	0	2.4	Up	18.4	2.9	0	2.3	None	15.6	3.1	0	1.9	Up	10.7	0.9	0	1.3	None	10.3	0.7	1	1.3	None	3.1	0.4	0	0.4	None	14	3.8	1	1.7	None	16.2	2.8	0	2	None	14.7	4.7	2	1.8	None	9.2	3.8	0	1.1	None	9.8	6.4	0	1.2	None	21.3	8	0	2.61	None	6.1	1.7	0	0.75	None	4.1	0.3	0	0.5	None	11	2.8	0	1.34	None	4.1	1.4	0	0.5	None	3.7	0.6	0	0.45	Up	27.075	10.2	4	3.31	None	12.2	8.4	0	1.49	None	8.55	2.761189357	0	1.04587156	None	8.275	2.159234046	0	1.012232416	None	9.6	3.295704275	1	1.174311927	None	15.475	2.807579028	0	1.892966361	Up	29	5.413717146	3	3.547400612	8.2	2.5	0		
1622935_at	Down	3.3	1.9	0	0	Down	4.9	2.4	0	0	Down	8.8	2.6	1	0.1	Down	6.8	0.8	0	0.1	Down	6.7	0.5	0	0.1	Down	27	11.6	2	0.3	Down	5.3	1.8	0	0.1	Down	13	4.9	2	0.1	Up	6504.6	223.8	4	62.5	Down	5.8	1.7	0	0.1	Down	6.4	3.3	0	0.1	Down	7	2.3	0	0.1	Down	15.6	3.1	1	0.2	Down	13.2	2.8	0	0.13	Down	5.8	2.4	0	0.06	Down	2.8	1	0	0.03	Down	3.8	1.3	0	0.04	Down	5.5	1.2	0	0.05	Down	4.4	1.7	0	0.04	Down	5.225	1.4	0	0.05	Down	9.6	4.7	0	0.09	Down	9.275	0.872138177	2	0.089118424	Down	1.25	0.567890835	0	0.012010569	Down	4.675	1.262520627	1	0.044919529	Down	3.975	2.61836463	0	0.03819361	Down	5.925	1.030675345	0	0.056930098	104.1	6.8	4		
1622936_at	None	3.2	0.7	0	1.6	None	1.1	0.4	0	0.5	None	4	2.1	0	1.9	None	1	0.2	0	0.5	None	2.6	1	0	1.3	None	2.2	0.5	0	1.1	Down	0.3	0	0	0.1	None	3.2	0.7	0	1.5	None	2.7	0.9	0	1.3	Down	0.7	0.2	0	0.4	Down	0.9	0.2	0	0.4	None	5.5	1.6	0	2.7	None	1.5	0.2	0	0.7	None	1.5	0.4	0	0.71	None	2.1	0.9	0	1.04	None	2.2	0.7	0	1.07	None	2.2	1.4	0	1.06	None	1.2	0.2	0	0.56	None	3.9	1.3	0	1.91	None	0.95	0.7	0	0.46	None	1.8	0.9	0	0.89	Down	0.9	0.234520788	0	0.43902439	Down	0.6	0.091287093	0	0.292682927	None	1.375	0.847914107	0	0.670731707	Down	0.65	0.519615242	0	0.317073171	Up	5.325	0.555840205	0	2.597560976	2.1	0.4	0		
1622937_at	Up	81.7	2.5	4	1.3	Up	98.3	8.3	4	1.6	Up	197.9	5.3	4	3.2	Down	10.9	0.4	1	0.2	Up	121.8	2.8	4	2	None	60.9	12.2	4	1	Up	101.7	2.5	4	1.6	Down	44.9	1.6	4	0.7	Up	156.1	10.5	4	2.5	Down	24.6	1.8	4	0.4	Down	18.7	1.3	3	0.3	Down	31.6	1.9	4	0.5	None	63.7	3	4	1	Up	112.4	7.3	4	1.82	Up	198.1	7.2	4	3.21	Down	13.5	1.7	0	0.22	Up	130.3	2.9	4	2.11	Up	331.8	7.3	4	5.38	Up	395.1	43.8	4	6.41	Down	34.075	3.8	4	0.55	Down	17.8	4.5	4	0.29	None	98.8	17.97743957	4	1.602595296	Up	168.125	8.707503948	4	2.727088402	Down	16.025	1.27369214	4	0.259935118	Up	252.65	18.9056429	4	4.098134631	Down	0.6	0.122474487	0	0.00973236	61.7	5.4	4		
1622938_at	Up	7.9	1.2	3	3.1	None	3.9	0.5	0	1.6	None	3.7	2.4	0	1.4	Up	9.1	2.1	0	3.6	None	4.5	1.5	0	1.8	Up	4.8	0.6	0	1.9	None	1.1	0.3	0	0.4	None	3.4	0.9	0	1.3	None	4.9	2.9	0	1.9	None	5.5	1.7	0	2.2	Up	7.5	1.4	1	3	None	4.1	0.3	0	1.6	None	5.2	2.3	0	2.1	None	10.4	4.9	0	4.13	None	4.8	0.6	0	1.9	None	5.5	1.2	0	2.17	None	4.4	0.9	0	1.75	None	6.2	1.4	1	2.45	Up	9.3	1.8	1	3.69	None	4.5	1.6	1	1.78	Up	7.9	1.1	4	3.14	None	2.85	1.439039031	0	1.128712871	None	2.65	1.307988277	1	1.04950495	None	2.75	0.922406273	0	1.089108911	None	1.6	0.905538514	0	0.633663366	None	4.075	0.953393063	0	1.613861386	2.5	1	0		
1622939_at	Up	527.5	1.8	4	1.6	None	398.7	24	4	1.2	Up	462.6	14.9	4	1.4	Down	263.8	3.8	4	0.8	Up	376.3	9.6	4	1.1	Up	461.6	8.6	4	1.4	Up	500.8	8.7	4	1.5	Down	80.3	2.3	4	0.2	None	333.5	6	4	1	Up	434.6	6.4	4	1.3	None	283.3	23	4	0.9	Up	465.3	21	4	1.4	Down	267.9	12.9	4	0.8	None	378.6	15.3	4	1.14	Up	514.4	18.1	4	1.55	Down	190.2	9.8	4	0.57	Up	472.3	20.6	4	1.42	Up	590.7	22	4	1.78	Up	637.7	20.6	4	1.92	Up	994.825	114.8	4	3	Up	395.6	28.6	4	1.19	Up	409.5	20.13438187	4	1.235480465	Up	812.625	20.55733344	4	2.451727259	Up	641.025	8.565665473	4	1.934002112	Up	1096.275	28.97704551	4	3.307512445	Up	679.8	19.99178998	4	2.050988083	331.5	14.5	4		
1622940_at	Down	1.5	0.5	0	0.1	Down	2.1	1.3	0	0.1	Down	1.8	0.5	0	0.1	Down	1	0.1	0	0	Down	1	0.3	0	0	Down	2.6	0.4	0	0.1	Down	2	0.5	0	0.1	Up	363.3	3	4	17.8	Down	5	2.8	0	0.2	Down	2.5	0.7	0	0.1	None	46.9	23.9	3	2.3	Down	1	0.3	0	0	Down	4	1.9	0	0.2	Down	2.1	0.5	0	0.1	Down	1	0.1	0	0.05	Down	4.9	1.7	0	0.24	Down	1.6	0.6	0	0.08	Down	1.2	0.3	0	0.06	Down	2.2	0.8	0	0.11	Down	2.875	2.7	0	0.14	Down	3.6	2.3	0	0.18	Down	1.175	0.354436172	0	0.057598039	Down	0.575	0.149303941	0	0.028186275	Down	2.05	0.866506395	0	0.100490196	Down	3.4	2.210580618	0	0.166666667	Down	14.925	0.625	3	0.731617647	20.4	1	4		
1622941_at	Up	713.8	12.4	4	1.9	Up	560	24.5	4	1.5	Up	897.7	23.5	4	2.4	Up	490.5	17.8	4	1.3	Up	979.4	19	4	2.6	Up	746.9	19.7	4	2	None	452.2	6.2	4	1.2	None	421	6.2	4	1.1	Up	816.8	27.9	4	2.2	Up	829.9	19.2	4	2.2	None	408.6	11.3	4	1.1	Up	684.7	29.1	4	1.8	None	397.9	6.4	4	1.1	Up	971.3	23.2	4	2.59	Up	785.6	36.8	4	2.09	Up	537.9	12.8	4	1.43	Up	920.6	42	4	2.45	None	296.4	4.7	4	0.79	None	316.8	14.9	4	0.84	Up	956.05	95.5	4	2.55	None	304.3	23.8	4	0.81	Up	543.15	23.74968421	4	1.447435043	Up	996.65	22.93180106	4	2.655962692	Up	497.35	18.38135378	4	1.325383078	Up	923.025	37.91687179	4	2.45976016	Up	1309.85	11.96616758	4	3.490606262	375.3	36.4	4		
1622942_at	Up	27.6	0.6	4	11.9	None	7.5	3	2	3.2	None	10.3	2.7	1	4.4	None	6.5	2.3	0	2.8	Up	8.8	1.6	1	3.8	Up	5	0.7	0	2.2	None	4.4	1.6	0	1.9	None	2.2	0.8	0	0.9	None	6.8	1.7	0	2.9	Up	9.5	1.3	1	4.1	Up	14.8	1.9	2	6.4	Up	20.3	5.1	4	8.7	Up	14.5	3.1	0	6.2	Up	15	3.9	0	6.44	None	7.3	2.3	0	3.12	None	5.4	2.6	0	2.31	None	5.1	1.7	0	2.19	Up	8.5	0.7	0	3.66	Up	9.5	2.2	1	4.08	Up	9.05	2.1	1	3.89	Up	12.2	2.2	0	5.24	Up	13.275	2.130091939	3	5.709677419	None	5.8	2.170637387	1	2.494623656	None	4.075	1.216809352	0	1.752688172	None	2.7	1.023067284	0	1.161290323	Up	5.075	0.815858444	0	2.182795699	2.3	0.7	0		
1622943_s_at	Up	130	2.1	4	1.6	Down	60.6	1.4	4	0.8	Down	40.7	2.2	4	0.5	Down	42.5	2.3	3	0.5	Down	34.7	1.1	4	0.4	Down	44.3	2.8	4	0.6	Up	162.7	4.7	4	2	Down	37.6	3.2	4	0.5	Up	97.8	2.5	3	1.2	Down	36.5	1.8	4	0.5	Down	47	2.2	4	0.6	Up	91.2	1.4	4	1.1	Down	39.2	3.6	3	0.5	Down	55.2	4.3	2	0.69	Down	54.2	3.1	4	0.68	Down	38.4	2.7	3	0.48	Down	35.1	3	4	0.44	Down	33.7	3.4	4	0.42	Down	44.2	5.4	4	0.55	Down	61.65	0.6	4	0.77	Down	33.9	4.3	4	0.42	Down	30.025	1.78809722	4	0.375078076	None	77.7	3.28049793	4	0.970643348	Down	41.3	2.832843095	4	0.515927545	Down	38.125	3.142583863	4	0.476264834	Down	42.975	0.543714079	4	0.536851968	80.1	3.4	4		
1622944_at	Down	132.6	2	4	0.8	Down	104.2	2.8	4	0.6	Up	203.4	3.8	4	1.2	Down	87.3	2.2	4	0.5	Down	107.4	2.2	4	0.6	Down	40.5	2.5	4	0.2	Up	247.7	0.5	4	1.4	Up	368.3	8	4	2.1	Up	267.2	6.3	4	1.6	Down	114.7	5.7	4	0.7	None	181.1	18.5	4	1.1	Down	106.6	5.4	4	0.6	Down	108	4.4	4	0.6	Down	134.6	6.8	4	0.78	Up	501.3	18.2	4	2.91	Down	102.3	5	4	0.59	Down	160.1	3.7	4	0.93	Down	48.3	1.7	4	0.28	Down	53.9	3.2	4	0.31	Down	144.125	7.5	4	0.84	Down	89.8	9.4	4	0.52	Up	348.7	5.282518339	4	2.024677021	Down	144.225	7.063093633	4	0.837421977	Down	121.5	4.973764503	4	0.705472492	Up	326.45	9.830055951	4	1.895485557	Up	335.625	4.877734276	4	1.948758891	172.2	1.8	4		
1622945_a_at	Down	236.8	10.2	4	0.6	Down	228.4	13.6	4	0.6	Down	200	9.4	4	0.5	Down	215.9	10.8	4	0.6	Down	166	5.5	4	0.4	None	302.2	35.5	4	0.8	Up	660.7	12.3	4	1.8	Down	64.6	3.6	4	0.2	Up	450.8	14.9	4	1.2	Down	162	5.9	4	0.4	Down	135.4	10.7	4	0.4	Down	305.3	5.9	4	0.8	Down	184.9	5.5	4	0.5	Down	271.8	11.8	4	0.73	Up	890.7	19.8	4	2.4	Down	228.7	11.8	4	0.62	None	371.5	2.3	4	1	Down	209.5	8.6	4	0.56	Down	249.8	11.8	4	0.67	Up	641.975	26.7	4	1.73	Down	254	20.2	4	0.68	None	490.15	44.13295254	4	1.318227661	None	543.6	73.42827566	4	1.461978081	Down	150.925	6.198168412	4	0.405903315	None	401.175	35.84507172	4	1.078934983	Up	461.525	13.12887244	4	1.24124252	371.8	18.6	4		
1622946_at	Down	40.2	2	4	0.3	Up	602	39.7	4	4.8	Down	41.9	2.5	4	0.3	Up	983.1	64.7	4	7.9	Up	459.8	15.2	4	3.7	Up	1136	247.5	4	9.1	Down	18.3	2.3	4	0.1	Down	25.8	2.7	4	0.2	Down	11.1	4.1	2	0.1	Up	781.3	13.3	4	6.3	Up	256.8	21.3	4	2.1	Down	35.8	1.7	4	0.3	Up	258.9	10.1	4	2.1	Down	13.9	5	2	0.11	Down	14.6	1	4	0.12	Up	478.5	83.8	4	3.83	None	251.6	66.1	4	2.02	Up	218.8	6.5	4	1.75	None	99.7	11.3	4	0.8	Down	15.85	5.5	4	0.13	None	142.4	14.5	4	1.14	Down	21.6	2.33023604	2	0.173076923	Up	518.925	83.74363035	4	4.158052885	None	100.775	4.519656145	4	0.807491987	Down	14.3	6.12916525	4	0.114583333	Down	5.75	0.698212002	1	0.046073718	124.8	8.8	4		
1622947_s_at	Up	2424.9	40.7	4	1.3	Up	2246.9	82.7	4	1.2	None	1893.6	105.4	4	1	Up	2225.7	28.3	4	1.2	Up	3131.2	145.8	4	1.7	Up	2938	59.5	4	1.6	None	2039.1	28.8	4	1.1	Down	796.2	39.4	4	0.4	Down	1458.6	24.7	4	0.8	Up	2662.2	199	4	1.4	Down	945.2	84.1	4	0.5	Up	3065.9	63.4	4	1.6	Up	2626.2	67.2	4	1.4	Down	1501.7	56.4	4	0.8	Down	1534.2	66.6	4	0.81	Down	1528.1	71.8	4	0.81	Up	3463.4	45.9	4	1.83	Up	3179.1	63.2	4	1.68	Up	3029	73.7	4	1.6	Up	2252.375	104.4	4	1.19	Up	2837	206.3	4	1.5	None	2248.65	258.1028235	4	1.19124308	Up	2716.025	53.64173399	4	1.438839298	Up	2350.325	78.29338387	4	1.245106349	None	1657.25	147.7799603	4	0.877943475	Down	1193.2	19.59672592	4	0.632108707	1887.7	88.9	4		
1622948_at	Down	61.7	3	4	0.7	Down	57	1.8	4	0.6	Up	146.3	5.5	4	1.6	Down	78.3	3	4	0.9	Down	49.8	3.7	4	0.6	None	84.9	5.3	4	0.9	Up	154.2	5.7	4	1.7	Up	108.4	3.1	4	1.2	Up	198.8	17	4	2.2	None	94.8	4.8	4	1.1	Up	178.5	8.9	4	2	Down	58.2	1.2	4	0.6	Down	69.5	4.9	4	0.8	None	73.1	7	4	0.81	Up	186.9	12.3	4	2.07	Down	65.8	3.8	4	0.73	Down	57.6	0.7	4	0.64	Down	62.4	3.1	4	0.69	None	78.3	6.2	4	0.87	None	96.85	7.7	4	1.07	Down	60.1	5.3	4	0.67	Up	130.225	8.708078146	4	1.444536883	Down	63.175	2.114385253	4	0.700776484	Down	66.5	5.038683691	4	0.737659456	Up	154.65	15.85465231	4	1.71547421	Up	160.85	2.894391128	4	1.784248475	90.2	3.7	4		
1622949_at	Down	9.8	1.8	0	0.1	Down	38.2	1.2	4	0.5	Down	9.8	3.4	0	0.1	Up	285.8	7.1	4	3.8	Up	101.4	4	4	1.3	Down	20	1.5	2	0.3	Down	48.4	0.3	4	0.6	Down	58.6	2.6	4	0.8	Down	1.8	0.4	0	0	Down	27.5	5.2	2	0.4	Down	4.9	1.8	0	0.1	Down	6.8	1.6	0	0.1	Up	122	10.1	4	1.6	Down	44.4	8.9	0	0.59	Up	203.6	29.4	4	2.71	Up	272.2	3.4	4	3.62	None	101.1	9.5	4	1.34	Up	166.4	12.9	4	2.21	Up	208.2	23.1	4	2.77	Down	11.7	2.8	3	0.16	Up	158	22.1	4	2.1	Down	25.175	2.711203607	0	0.334885268	Up	303.675	41.27185027	4	4.039574327	Up	286.25	12.90067828	4	3.807781842	Up	274.25	35.53969612	4	3.648154307	Down	11.275	1.805258523	0	0.149983372	75.2	2.1	4		
1622950_a_at	Down	148.7	3.8	4	0.5	Down	173.6	4.7	4	0.6	None	235.5	8.2	4	0.8	Up	477.6	5.7	4	1.7	None	325.1	10.5	4	1.2	Up	822.4	24.6	4	2.9	Up	439.7	20.4	4	1.6	Down	123.1	5.6	4	0.4	Up	1493.7	22	4	5.3	Up	397.1	8.2	4	1.4	None	330.4	17.2	4	1.2	Down	135.5	3	4	0.5	Down	201.3	10.6	4	0.7	Up	1311.4	51.7	4	4.65	Up	1063.2	29.4	4	3.77	Up	632.6	21.9	4	2.24	Up	379.2	26.3	4	1.34	Up	978	21.8	4	3.46	Up	1009.2	37.2	4	3.58	Down	214.85	9.2	4	0.76	Up	405.9	61.2	4	1.44	None	299.4	7.467708261	4	1.060667789	Down	173.8	7.387602227	4	0.615711629	None	332.65	15.01157886	4	1.178460721	None	299.45	19.72773006	4	1.060844921	Up	542.725	4.888997	4	1.922681782	282.3	20.8	4		
1622951_at	None	3.1	1.2	0	1.8	None	4.8	1.1	0	2.8	None	3.8	1.7	0	2.2	None	3.7	0.9	0	2.2	None	1	0.5	0	0.6	Up	4.7	0.8	0	2.7	None	2.2	0.8	0	1.3	None	2.8	1.4	0	1.6	None	2.9	1.6	0	1.7	None	2.3	1.1	0	1.4	None	4.5	2.3	0	2.7	None	0.8	0.3	0	0.5	None	6.2	3	0	3.6	None	5.7	2.7	0	3.37	None	7.3	2.6	1	4.29	None	1.7	0.8	0	0.97	None	3.2	1.4	0	1.85	None	5.1	1.7	0	2.99	None	4	2.8	0	2.35	None	3.525	2.8	0	2.07	Up	8.9	3.6	0	5.21	None	3.075	1.713366569	0	1.808823529	None	3.325	1.92283428	0	1.955882353	None	3.55	0.590903263	0	2.088235294	None	0.4	0.21602469	0	0.235294118	None	3.2	0.980646046	0	1.882352941	1.7	1	0		
1622952_at	Down	9.2	0.7	0	0.1	Down	33.6	6.3	4	0.5	Down	6.6	1.2	0	0.1	Down	16.7	5.2	2	0.2	Down	13.1	2.7	0	0.2	Down	6.7	1.6	0	0.1	Down	3	1	0	0	Up	658.9	17.9	4	9	Down	7.7	2.9	0	0.1	Down	17.3	1.5	3	0.2	None	55.3	21.7	4	0.8	Down	9.8	2.1	0	0.1	Down	25.4	3.8	1	0.3	Down	10.7	3.4	0	0.15	Down	14.3	2	3	0.2	Down	10.4	4.5	1	0.14	Down	4.7	1.6	0	0.06	Down	12.2	1.6	3	0.17	Down	11.1	1.7	0	0.15	Down	5.625	0.9	2	0.08	None	32.8	22.4	2	0.45	Down	15.025	4.767140128	2	0.206033596	Down	17.375	3.852785789	4	0.238258485	Down	16.3	4.340314889	3	0.223517312	Down	12.575	5.077647093	3	0.172437436	Down	2.925	1.211318153	0	0.040109702	72.9	13	4		
1622953_at	None	4.2	1.3	0	1.8	None	3.4	1.3	0	1.5	None	6.2	2.2	0	2.6	None	4.8	2.3	0	2.1	None	1.6	0.6	0	0.7	Up	3.8	0.6	0	1.6	None	2.7	1.5	0	1.2	None	1.6	0.5	0	0.7	None	9.4	2.7	0	4	None	3.5	1.2	0	1.5	Up	7.3	1.4	1	3.1	None	6.3	1.6	0	2.7	None	7.4	3.5	0	3.2	None	12.1	5.9	0	5.2	None	5.3	1.7	0	2.28	None	3.3	1.4	0	1.41	None	4.3	0.8	0	1.84	Up	6.3	1	0	2.71	None	3.8	1.9	0	1.61	None	4.775	0.8	0	2.05	Up	9.2	0.6	1	3.94	None	3.45	1.322560648	0	1.483870968	None	3.025	0.648556089	0	1.301075269	None	2.975	0.866386173	0	1.279569892	None	2.35	1.424780685	0	1.010752688	None	2.9	0.822597512	0	1.247311828	2.3	0.9	0		
1622954_at	None	2.3	0.8	0	0.7	None	1.8	1	0	0.6	None	2.7	0.9	0	0.9	None	3.9	1.2	0	1.3	None	2.3	1.1	0	0.8	None	3.2	0.8	0	1	None	3.6	1	0	1.2	None	1.4	0.8	0	0.4	None	3.9	2.2	0	1.3	None	6.9	2.2	0	2.2	Up	9.2	1.3	0	3	None	4.9	1.6	0	1.6	None	6.3	2.7	0	2.1	None	13.6	5.8	0	4.42	None	5.4	1.6	0	1.76	None	3.2	1.2	0	1.02	None	2.4	1.1	0	0.76	None	2	0.9	0	0.64	None	1.3	0.2	0	0.41	None	2.425	2.2	0	0.79	None	1.4	0.7	0	0.46	None	2.7	0.631136541	0	0.87804878	None	0.8	0.204124145	0	0.260162602	None	2.15	1.421560176	0	0.699186992	None	0.95	0.68556546	0	0.308943089	None	3.1	1.523701633	0	1.008130081	3.1	1.2	0		
1622955_at	None	3.5	1.4	0	0.6	None	4.5	1.8	0	0.8	None	1.2	0.4	0	0.2	None	5.1	1.7	0	0.9	None	8.4	0.8	0	1.6	None	4.3	0.9	0	0.8	None	3	1	0	0.6	None	1.4	0.4	0	0.3	None	5.1	1.9	0	0.9	None	6.4	3	0	1.2	None	1.7	0.3	0	0.3	None	4.8	1.7	0	0.9	None	8	1.8	0	1.5	None	5.8	2.1	0	1.08	None	5.7	1.4	0	1.06	None	7.3	2.7	0	1.36	None	2	0.8	0	0.36	None	5.9	0.9	0	1.11	None	8	2.1	0	1.5	None	2.425	1.3	0	0.45	None	6.9	3.3	0	1.29	None	1.875	0.213600094	0	0.35046729	None	2.15	0.619811799	0	0.401869159	None	7.525	1.536974843	1	1.406542056	None	2.225	1.728920665	0	0.41588785	None	3.6	0.751664819	0	0.672897196	5.4	1.9	0		
1622956_at	Down	1.2	0.4	0	0	Down	1.9	0.9	0	0	Down	3.1	1.3	0	0	Down	2.4	0.8	0	0	Down	6.6	1.6	0	0	Down	2.2	0.4	0	0	Down	1.4	0.6	0	0	Up	1424.4	23.4	4	10.1	Down	2.3	1.1	0	0	Down	3.8	2.1	0	0	None	118.4	54.4	4	0.8	Down	1.7	0.7	0	0	Down	4.3	2.2	0	0	Down	3.6	1	0	0.03	Down	2	0.8	0	0.01	Down	8.7	3	0	0.06	Down	2.2	0.9	0	0.02	Down	2.3	1	0	0.02	Down	5.1	1.9	0	0.04	Down	2.45	1.6	0	0.02	Down	1.6	0.5	0	0.01	Down	4.3	1.673817991	0	0.030340448	Down	3.425	0.743163284	0	0.02416652	Down	1.8	0.724568837	0	0.012700653	Down	7.5	9.033271833	1	0.052919386	Down	2.45	0.796345821	0	0.017286999	141.7	4.7	4		
1622957_s_at	Up	568.3	18.3	4	31	Up	111.4	5.7	4	6.1	Down	11.1	1.6	1	0.6	Down	6.1	1	0	0.3	Down	5.9	0.9	0	0.3	Down	8.4	0.9	0	0.5	Down	1.1	0.4	0	0.1	Up	89.9	5.2	4	4.9	None	11.2	2.8	0	0.6	Down	7.4	1.1	1	0.4	Down	9.5	1.1	1	0.5	Up	315.8	2	4	17.2	Down	6.1	1.7	0	0.3	Up	26	1.5	2	1.42	Down	5	0.5	0	0.27	Down	4.5	1.2	0	0.25	Down	5.5	1.7	0	0.3	None	19.2	2.3	4	1.04	None	20.9	6.3	4	1.14	Up	208.65	25.2	4	11.37	None	23.3	8.7	4	1.27	Down	9.25	1.892749323	0	0.504087193	None	17.9	1.404160485	4	0.975476839	Down	1.375	0.916856041	0	0.07493188	Down	5.325	2.905598045	0	0.290190736	Down	2.95	0.16583124	0	0.160762943	18.4	1.2	4		
1622958_at	None	1	0.5	0	2.7	None	2.1	1.2	0	5.5	None	2.3	0.9	0	6	None	1	0.3	0	2.6	None	1.6	0.8	0	4.1	Up	2.1	0.3	0	5.5	None	1	0.5	0	2.7	None	1.1	0.7	0	3	None	2.5	1.4	0	6.5	None	6.4	2.3	0	16.9	Up	339.1	31.8	4	904.3	None	3	1.4	1	7.9	None	5.3	4	0	14.2	None	3.8	1.4	0	10.07	Up	17.9	2	1	47.67	None	1	0.5	0	2.67	Up	7.4	1	1	19.73	Up	2.5	0.7	0	6.67	None	1.4	0.4	0	3.67	None	0.9	1	0	2.4	None	5	5.1	0	13.33	Up	6.1	1.070046728	2	16.26666667	None	2.45	1.241974235	0	6.533333333	None	2.775	0.951643316	0	7.4	None	2.65	1.654287359	1	7.066666667	None	2.375	0.946374662	0	6.333333333	0.4	0.1	0		
1622959_at	Down	7.8	2.1	0	0.1	Down	11.2	1.6	0	0.1	Down	14.9	1.3	1	0.1	Down	13.4	2	1	0.1	Down	14.4	1.5	3	0.1	Down	17.3	6.4	0	0.2	Up	389.2	5.5	4	3.4	Down	45.8	1.1	4	0.4	Down	27	4.5	3	0.2	Down	16.9	2	1	0.1	Down	21.4	2.5	2	0.2	Down	10.3	1.6	1	0.1	Down	20.1	6.6	1	0.2	Down	28.1	3.5	0	0.25	Down	14.6	2.5	1	0.13	Down	16.6	1.8	3	0.14	Down	14.6	0.6	2	0.13	Down	15.1	0.9	2	0.13	Down	11.1	1.5	0	0.1	Down	9.925	2.6	1	0.09	Down	22	5.4	3	0.19	Down	14.175	1.061739924	1	0.123691099	Down	8.7	1.959166489	0	0.07591623	Down	7.3	1.467991826	1	0.063699825	Down	13.05	2.671454036	0	0.113874346	Down	19.2	1.362595562	2	0.167539267	114.6	4.4	4		
1622960_at	Down	0.6	0.2	0	0	Down	7.6	1.5	0	0	Down	9.3	1.9	2	0.1	Up	2023.8	73.8	4	12.1	Up	453.7	25.3	4	2.7	Up	877.7	25.2	4	5.3	Down	2	0.6	0	0	Down	26	0.5	4	0.2	Down	4.7	1.8	0	0	Up	750.5	23.4	4	4.5	Up	445.1	61.6	4	2.7	Down	0.9	0.1	0	0	Down	9.5	3.6	0	0.1	Down	8.3	5.9	0	0.05	Down	10.8	2.2	3	0.06	Up	2009.3	62.8	4	12.03	Up	455.6	34.7	4	2.73	Down	3.5	1.5	0	0.02	Down	3	0.9	0	0.02	Down	3.15	1.2	0	0.02	Down	6.3	4.7	0	0.04	Down	4.175	1.111586704	0	0.025003743	Down	4.175	1.778283348	1	0.025003743	Down	3.775	0.647269908	0	0.022608175	Down	4.575	2.631064423	0	0.027399311	Down	1.775	1.24189036	0	0.010630334	167	13.1	4		
1622961_at	None	1.3	0.5	0	0.4	None	3.2	1.6	0	0.9	None	3.6	0.8	0	1	None	2.6	1.2	0	0.7	None	4.2	1.3	0	1.2	Up	5.8	0.5	0	1.6	None	1.2	0.4	0	0.3	None	4.3	1	0	1.2	None	2.8	1.2	0	0.8	None	4.1	1.1	0	1.1	None	3.4	1	0	0.9	None	3	0.9	0	0.8	None	3.5	1.4	0	1	None	4.1	1.3	0	1.14	None	4	1.9	1	1.1	None	4	0.8	1	1.11	None	2.5	0.6	0	0.68	None	3.3	1.2	0	0.9	None	1.8	0.6	0	0.49	None	1.975	1.3	1	0.54	None	3.9	2.4	1	1.07	None	1.95	0.613052472	0	0.537931034	None	3.575	1.515132007	0	0.986206897	None	5.15	1.205888331	1	1.420689655	None	1.825	1.472809107	1	0.503448276	None	1.175	0.611521327	0	0.324137931	3.6	0.9	0		
1622962_a_at	Up	75	1.9	4	1.2	None	65.5	2.8	4	1	None	73.4	5.3	4	1.2	None	57.1	2.7	4	0.9	None	70.4	3.1	4	1.1	Up	92.8	1.2	4	1.5	None	62.6	0.6	4	1	Down	44.8	2.3	4	0.7	None	56.2	3.6	4	0.9	Up	87.2	6.8	4	1.4	Down	29.1	2.8	3	0.5	Up	94.9	4.8	4	1.5	Up	134.1	6.7	4	2.1	Up	99.5	5.1	4	1.56	Down	40	1.4	4	0.63	None	56.8	1.6	4	0.89	None	54.8	2.1	4	0.86	Up	163.6	8.4	4	2.57	Up	96.6	7	4	1.52	None	62.025	8.5	4	0.97	Up	107.7	15.1	4	1.69	None	56.15	7.407259952	4	0.882514735	Up	78.225	2.591130706	4	1.229469548	Up	96.875	2.2253745	4	1.52259332	Down	34.875	3.429650128	4	0.548133595	Down	41.85	1.650504973	4	0.657760314	63.6	3.1	4		
1622963_at	None	3.4	1	0	1.3	None	3.5	1.1	0	1.3	None	2.5	1.4	0	0.9	None	1.9	0.6	0	0.7	None	2.2	0.9	0	0.8	Up	7.3	1.4	0	2.7	None	1.8	1	0	0.7	None	1.9	0.6	0	0.7	None	6.9	2.2	0	2.6	None	4.4	1	0	1.7	None	3.1	1.4	0	1.2	None	3.9	2	0	1.5	None	5.1	1.3	0	1.9	None	6.3	1.8	0	2.36	None	2.1	1.1	0	0.8	None	3.7	0.6	0	1.38	None	3	0.9	0	1.11	None	5.3	0.3	0	1.98	None	6.6	1.7	1	2.49	None	0.925	0.6	0	0.35	None	2.1	1.1	0	0.77	None	2.2	0.756086415	0	0.830188679	None	2.425	1.265816601	0	0.91509434	None	1.85	0.523609269	0	0.698113208	None	0.675	0.478713554	0	0.254716981	None	1.925	1.098009563	0	0.726415094	2.7	1.1	0		
1622964_at	None	1.4	0.8	0	0.3	None	3.9	1.4	0	0.8	None	2.3	1.4	0	0.5	None	1.1	0	0	0.2	None	6.7	1.3	0	1.4	None	4	1	0	0.8	None	2.5	0.7	0	0.5	None	2.7	0.8	0	0.6	Up	224	12.9	4	46.9	None	5.8	2.6	0	1.2	None	2.7	1.4	0	0.6	None	2.2	1.2	0	0.5	None	5.4	1.7	0	1.1	None	1.2	0.2	0	0.24	None	3.6	1.8	0	0.75	None	1.2	0.2	0	0.25	None	1.9	0.9	0	0.4	None	8.3	1.5	0	1.73	None	5.4	0.9	0	1.14	None	1.725	1.6	0	0.36	Up	11.2	3.4	4	2.34	None	3.8	0.788458412	0	0.795811518	None	1.875	1.049106763	0	0.392670157	None	3.3	0.708284312	0	0.691099476	None	3.6	2.472515588	1	0.753926702	None	0.825	0.118145391	0	0.172774869	4.8	1.8	0		
1622965_s_at	Down	2.4	0.7	0	0	Down	3.5	0.5	0	0	Down	4	1	0	0	Down	3.8	1.5	0	0	Down	4.5	1.5	1	0	Down	2.8	0.3	0	0	Down	1.2	0.4	0	0	Down	7.9	3.1	3	0.1	Up	6547.6	44.3	4	73.4	Down	3.3	0.5	0	0	Down	2.8	0.7	0	0	Down	2.7	0.2	0	0	Down	15.1	1.9	2	0.2	Down	9.3	2.6	0	0.1	Down	5.9	1.2	0	0.07	Down	4.5	1.8	1	0.05	Down	0.7	0.2	0	0.01	Down	2.1	0.4	0	0.02	Down	4	1.4	0	0.05	Down	3.1	1	1	0.03	Down	6.1	3.8	1	0.07	Down	3.675	0.626331914	0	0.041176471	Down	1.15	0.494132236	0	0.012885154	Down	3.125	0.985203025	1	0.035014006	Down	2.325	2.525041254	0	0.02605042	Down	1.875	0.366003188	0	0.021008403	89.3	8.1	4		
1622966_at	None	11.2	0.9	0	0.8	None	10.5	2.5	0	0.7	None	12.2	2.1	0	0.8	None	23.5	4.3	0	1.6	None	11.7	1.2	0	0.8	None	15.1	0.8	0	1	Down	6	1.2	0	0.4	Up	139.3	11.6	4	9.4	None	7.1	2.2	0	0.5	None	16.3	2.9	0	1.1	None	29.5	5.4	1	2	None	12.2	2.8	0	0.8	None	15	8.4	0	1	None	11.3	3.2	0	0.76	None	8.9	1.3	0	0.6	None	18.6	3.3	0	1.25	None	11.8	3.3	0	0.8	None	10.6	2.1	0	0.72	None	21.3	1.7	0	1.43	None	14.85	3.7	0	1	None	17.9	7.8	0	1.21	None	16.375	2.489101243	0	1.102693603	Down	7.35	1.22099686	0	0.494949495	Down	5.175	1.467069074	0	0.348484848	Down	4.65	3.5	0	0.313131313	None	19.625	2.687122066	0	1.321548822	14.9	2.3	0		
1622967_at	None	3.7	0.8	0	1.7	None	1.5	0.3	0	0.7	None	5.1	2.6	0	2.4	None	2.5	0.6	0	1.2	Up	7.2	1.4	0	3.4	None	4.1	1.2	0	1.9	None	0.8	0.1	0	0.4	None	3.4	1.2	0	1.6	None	6.3	2.7	0	3	None	3.7	0.7	0	1.7	None	5.2	3.1	0	2.5	None	3	0.7	0	1.4	None	7.6	4.1	0	3.6	None	4.7	2.3	0	2.19	None	2.4	0.4	0	1.14	None	7.3	2.3	0	3.44	None	2.3	0.3	0	1.08	None	1.4	0.4	0	0.66	None	2.2	0.6	0	1.04	None	1.6	1.1	0	0.75	None	4.7	4.2	0	2.22	None	3.175	1.880768903	0	1.494117647	None	1.85	0.569356362	0	0.870588235	None	1.775	0.498957246	0	0.835294118	None	2.525	2.337199179	0	1.188235294	None	6.65	3.231227837	0	3.129411765	2.1	0.8	0		
1622968_at	None	80.8	5.3	4	0.9	Down	67.3	3.2	4	0.7	None	82.3	5.7	4	0.9	None	105.9	5.4	4	1.1	Down	62.7	4.3	4	0.7	Up	119.2	10.7	4	1.3	Up	128.5	7.3	4	1.4	Down	50.8	4.9	4	0.5	Up	308.3	15.2	4	3.3	Up	209	5.7	4	2.3	None	118.6	15.6	4	1.3	Down	80.4	3.4	4	0.9	Down	66.6	4.6	4	0.7	Up	387.2	25.2	4	4.18	Up	952	48.5	4	10.27	Up	150.1	7.6	4	1.62	Up	128.5	8.3	4	1.39	None	101.3	3.9	4	1.09	None	93.2	4.7	4	1.01	Up	152.475	6.7	4	1.64	None	104.7	12	4	1.13	Up	131.325	5.593504417	4	1.416284713	None	98.775	4.645674511	4	1.065246697	None	121.35	9.514681638	4	1.308708547	Up	184.375	37.56899209	4	1.988406579	Up	244.1	6.344814155	4	2.632515503	92.7	3.2	4		
1622969_at	None	1.1	0.8	0	0.3	None	1.3	0.8	0	0.4	None	0.6	0.1	0	0.2	None	0.6	0.1	0	0.2	None	0.7	0.1	0	0.2	Down	1.2	0.3	0	0.4	None	0.9	0.7	0	0.3	Up	19.6	1.4	4	5.8	None	1.3	0.6	0	0.4	None	1.1	0.3	0	0.3	None	1.6	0.4	0	0.5	None	1.6	0.6	0	0.5	None	2	1.5	0	0.6	None	4	1.8	0	1.18	None	1.1	0.3	0	0.32	None	0.9	0.2	0	0.25	None	0.7	0.4	0	0.21	None	2	0.7	0	0.57	None	3.3	1.6	0	0.98	None	1	1.3	0	0.29	None	2.5	1.2	0	0.74	None	0.65	0.16583124	0	0.191176471	None	1	0.477842373	0	0.294117647	None	1.5	1.166904738	0	0.441176471	None	1.05	1.260952021	0	0.308823529	None	6.075	1.287358406	0	1.786764706	3.4	1.5	0		
1622970_at	Up	134.3	8	4	1.6	Up	204.4	8.8	4	2.5	Up	230.7	8.1	4	2.8	Down	40.9	2.4	4	0.5	Up	350.9	11.1	4	4.3	Down	35.4	1.8	3	0.4	Down	6.4	1.5	0	0.1	Down	22.1	4.2	4	0.3	None	79.7	6.7	4	1	Down	17.8	0.6	2	0.2	Down	10.5	2.2	0	0.1	Up	226	6.1	4	2.8	Up	385.8	22.4	4	4.7	Up	610.3	13.2	4	7.45	None	75.8	4.1	4	0.93	Down	56	4.5	4	0.68	Up	170.3	13.6	4	2.08	None	86.1	2.6	4	1.05	None	111.1	10.1	4	1.36	None	83.525	6.9	4	1.02	None	58.9	11.4	4	0.72	Up	300.625	25.3413159	4	3.6695148	Up	263.825	6.722769147	4	3.220323467	None	74.45	6.571212471	4	0.90875801	Up	507.65	62.10579683	4	6.196521208	Down	8.575	1.21954568	1	0.104668904	81.9	7.4	4		
1622971_at	Up	185.9	4.6	4	2	None	87.6	4.5	4	1	Down	54	2.9	4	0.6	Down	54.1	2.9	4	0.6	Down	66.6	2.1	4	0.7	Down	53.9	1	4	0.6	Up	151.9	2	4	1.7	Up	130.8	0.5	4	1.4	Up	165.5	14.5	4	1.8	None	87.1	1.7	4	1	None	88.6	2	4	1	Up	200.7	8.5	4	2.2	Down	43.5	3.1	4	0.5	Up	111.4	5.8	4	1.22	Up	139.4	8.6	4	1.53	Down	45.8	5.4	4	0.5	Down	64.7	4.2	4	0.71	Down	36.5	2.3	4	0.4	Down	44.2	2.3	4	0.48	Up	143.075	6.8	4	1.57	Down	50.9	5.5	4	0.56	Down	55.8	3.349626845	4	0.612513721	None	85.475	4.639751251	4	0.938254665	Down	39.475	1.189800403	4	0.433315038	None	87.15	8.371578903	4	0.956641054	Down	69.55	2.772634127	4	0.763446762	91.1	5	4		
1622972_at	None	6.5	1.4	0	1	None	4.2	2.1	0	0.7	Up	12.2	1.3	0	1.9	None	3.2	0.4	0	0.5	None	9.1	1.3	0	1.4	Up	8.7	0.8	0	1.4	None	4.8	0.8	0	0.8	None	4.8	1.4	0	0.8	None	10.3	0.7	0	1.6	None	10.3	1.5	0	1.6	None	16.4	5.3	0	2.6	None	11.8	1.3	1	1.9	Up	14.6	2.5	1	2.3	None	18.5	8.5	1	2.92	None	9.5	2.3	0	1.5	None	5.7	1.1	0	0.9	None	9	1.5	2	1.41	Up	14	2.3	1	2.2	Up	13.7	1.9	0	2.16	None	9.95	2	3	1.57	None	13.2	6	1	2.08	Up	18.825	1.852644506	2	2.964566929	None	8.425	2.178828049	0	1.326771654	None	3.325	1.15497114	0	0.523622047	None	5.825	5.296775749	0	0.917322835	None	8.275	0.330088372	0	1.303149606	6.4	1.9	1		
1622973_at	Down	79	4.9	4	0.5	Down	113.1	6	4	0.8	None	155.1	1.7	4	1.1	Up	338	5.1	4	2.3	Down	118.8	5.7	4	0.8	Up	187.7	3.4	4	1.3	Up	249.5	13.1	4	1.7	Down	67.2	6.1	4	0.5	Up	221.3	12.1	4	1.5	Up	1164.4	11.3	4	8	Up	1115.5	174.3	4	7.6	None	127.2	6.9	4	0.9	None	145.2	3.4	4	1	Down	123.3	2.9	4	0.84	Up	239.1	21.6	4	1.64	Up	573.2	35	4	3.92	Up	391	47.8	4	2.68	Up	503.7	22.9	4	3.45	Up	389.3	13.2	4	2.67	None	192.85	35.2	4	1.32	Up	266.3	17.8	4	1.82	None	318.475	61.36389241	4	2.180588839	Down	109	5.790941202	4	0.746319754	Up	233.925	6.113015486	4	1.601677508	Up	220.875	13.8629903	4	1.512324546	Up	261.925	16.41408821	4	1.793392674	146.1	6.8	4		
1622974_at	Down	28	0.8	4	0.1	Up	968.4	60.3	4	1.9	Down	14.3	1.7	0	0	Down	3.7	1.2	0	0	Down	4.5	2.1	0	0	Down	4.2	1.7	0	0	Down	0.9	0.1	0	0	Down	1.1	0.2	0	0	Down	2.6	0.5	0	0	Down	5	0.9	0	0	Down	2.5	0.7	0	0	Down	40.3	8.4	4	0.1	Up	2606.8	235.1	4	5.1	Down	15	7.4	0	0.03	Down	3.5	2.3	0	0.01	Down	9	2.4	0	0.02	Down	4.3	1.1	0	0.01	Down	45.2	1.9	0	0.09	Down	48.8	5.4	3	0.1	Down	1.8	1.5	0	0	Down	87.6	17.9	4	0.17	Down	11.175	3.641742944	0	0.022072984	Up	938.175	33.70997318	4	1.853093674	None	492.95	152.6171599	4	0.973680312	Up	1153.725	176.0130748	4	2.278850427	Down	0.975	0.137689264	0	0.001925831	506.3	24	4		
1622975_at	Down	0.8	0.3	0	0	Down	0.6	0.1	0	0	Down	1.4	0.9	0	0	Down	1	0.4	0	0	Down	3.9	1.1	0	0	Down	3.1	0.7	0	0	Down	1.5	1	0	0	Up	2111.7	73.4	4	9.3	Down	5.7	2	0	0	Down	2.1	0.8	0	0	None	237.4	124.4	4	1	Down	0.9	0.1	0	0	Down	4.7	1.5	0	0	Down	9.5	5.9	0	0.04	Down	2.3	0.9	0	0.01	Down	2.9	1.1	0	0.01	Down	4	2	0	0.02	Down	3.4	1.6	0	0.01	Down	1.6	0.2	0	0.01	Down	1.6	1.6	0	0.01	Down	1.2	0.8	0	0.01	Down	4.425	2.377454872	0	0.019570986	Down	2.125	1.627049989	0	0.009398496	Down	1.1	0.376386326	0	0.004865104	Down	13.175	20.73666238	1	0.058270677	Down	0.85	0.095742711	0	0.003759398	226.1	17.4	4		
1622976_at	Up	56.3	2.8	4	2.6	None	18.9	1.2	4	0.9	None	22.4	2.6	4	1	Down	11.9	0.9	4	0.5	None	14.7	0.8	4	0.7	Down	13.1	0.3	4	0.6	Up	59.8	1.7	4	2.7	Down	6	0.2	2	0.3	Down	11.7	0.8	2	0.5	None	17.8	1.2	4	0.8	None	30.7	3.2	4	1.4	Up	37.6	2.2	4	1.7	Down	12.9	1.5	4	0.6	None	24.5	2.9	2	1.13	None	25.8	2.2	4	1.19	Down	13.9	1.3	4	0.64	None	21	1.1	4	0.96	Down	12.2	1.6	4	0.56	None	13.9	3	4	0.64	Up	90.95	14.2	4	4.18	None	15.6	1.4	4	0.72	None	18.85	0.554526825	4	0.866666667	None	15.5	0.715308791	4	0.712643678	Down	6.35	1.400892573	2	0.291954023	None	16.525	4.385867455	4	0.759770115	Up	43.6	2.380476143	4	2.004597701	21.8	2.6	4		
1622977_at	Down	2.6	0.7	1	0.2	Down	4.3	1.2	0	0.3	Down	5.9	2.5	2	0.4	None	9.1	2.7	1	0.6	Down	5.4	1.7	1	0.4	Down	2.5	0.5	0	0.2	Down	2.5	1	1	0.2	Up	196.2	3.8	4	13	Down	4.4	1.7	0	0.3	Down	3.9	0.3	0	0.3	Down	6.8	1.8	0	0.5	Down	4	1.1	0	0.3	Down	3.9	1.4	0	0.3	None	9.4	5.1	1	0.62	Down	3.5	1.1	0	0.23	Down	4.4	2.3	0	0.29	Down	3.6	0.7	0	0.24	Down	3.6	1.2	0	0.24	Down	4.6	1.6	0	0.31	Down	3.825	0.5	3	0.25	Down	6.2	4	0	0.41	Down	4.65	0.920597632	1	0.307438017	Down	3.525	1.81032916	0	0.233057851	Down	2.05	0.70296989	0	0.13553719	Down	4.875	2.123479848	2	0.32231405	Down	3.475	0.948134133	0	0.229752066	15.1	1	4		
1622978_at	Down	2.6	0.6	0	0.1	Down	1.6	0.5	0	0.1	Down	2	0.9	0	0.1	Down	1.3	0.9	0	0.1	Down	2.8	0.9	0	0.1	Down	2.1	0.9	0	0.1	Down	0.4	0.3	0	0	None	7.6	2	3	0.4	Up	76.2	13.7	4	4.1	Down	0.3	0.1	0	0	Down	2.8	1.4	0	0.2	Down	2.1	1.2	0	0.1	Down	1.1	0.3	0	0.1	None	7.4	2.4	0	0.4	Down	0.4	0.1	0	0.02	Down	0.2	0.1	0	0.01	Down	2.5	1	1	0.13	Down	2.3	1.2	1	0.12	Down	3.2	1.4	0	0.17	Down	0.675	0.6	0	0.04	Down	2.6	1.6	0	0.14	Down	0.875	0.642099421	0	0.046666667	Down	0.675	0.205649378	0	0.036	Down	0.975	0.555840205	0	0.052	Down	1.725	1.961929323	0	0.092	Down	0.875	0.742041104	0	0.046666667	18.8	3.9	4		
1622979_a_at	None	814.8	13.8	4	1	Up	1106.9	6.5	4	1.4	Up	1471.5	17	4	1.8	Up	1321.3	29.2	4	1.7	Up	1355.2	16.4	4	1.7	Up	1748.4	16	4	2.2	Down	498.4	7.5	4	0.6	Up	1818.8	53.7	4	2.3	Up	2920	203.1	4	3.7	Up	1426.3	24.7	4	1.8	Up	1253.3	40.6	4	1.6	None	897.8	10.6	4	1.1	Up	1342.6	26.1	4	1.7	Up	4252	125.6	4	5.34	Up	1413.9	30.3	4	1.78	None	828.1	13.1	4	1.04	None	779	17.4	4	0.98	Up	1594.8	33	4	2	Up	1547.9	58.9	4	1.95	Down	636.75	38.8	4	0.8	Up	1886.6	70.9	4	2.37	Down	652.7	22.5444376	4	0.82018095	Up	2074.425	58.44798792	4	2.606716512	Up	2282.725	132.5393927	4	2.868465695	None	768.4	32.42725191	4	0.965569239	None	911.4	38.98407795	4	1.145262629	795.8	36.1	4		
1622980_at	Down	164.7	2.5	4	0.8	Down	119.7	5.6	4	0.6	Down	149	7.9	4	0.7	Down	144.5	2.7	4	0.7	Down	127.8	6.2	4	0.6	Down	131.5	8	4	0.6	Up	452.2	12.9	4	2.2	Down	46.7	2.9	4	0.2	Up	241.5	6.7	4	1.2	Down	151.3	7.8	4	0.7	Down	117.5	6.2	4	0.6	Down	151	4.1	4	0.7	Down	106.5	2.7	4	0.5	Down	147	8.4	4	0.71	Up	299.1	12.6	4	1.45	Down	88.7	5.7	4	0.43	Down	156.2	4.1	4	0.76	Down	154.2	7.9	4	0.75	None	177.9	6.3	4	0.86	Up	466.925	29.7	4	2.26	Down	102.8	7.3	4	0.5	None	180.75	10.15221651	4	0.875620685	Down	87.9	2.747119704	4	0.425820516	Down	82.875	2.924430144	4	0.401477534	None	211.85	44.80182288	4	1.026280732	Up	389.875	1.579754728	4	1.888700497	206.4	10.9	4		
1622981_at	Up	208.7	2.9	4	1.4	Down	111.2	9	4	0.8	None	121.9	11	4	0.8	Down	105.5	0.8	4	0.7	None	124.1	5	4	0.9	Down	73.6	4.6	4	0.5	Up	341.6	10.6	4	2.3	Down	18.3	1.1	4	0.1	None	150.2	2.2	4	1	None	119.9	9.1	4	0.8	Down	120.6	5	4	0.8	None	141.7	6.2	4	1	Down	74.5	6.3	4	0.5	None	165.9	7.5	4	1.14	Up	218.9	11.5	4	1.5	None	156.7	11.5	4	1.08	None	167.8	6	4	1.15	Down	114.2	8.2	4	0.78	Down	106.9	5.2	4	0.73	None	168.525	12.4	4	1.16	None	117.4	25.7	4	0.81	None	150.325	5.615065301	4	1.032629229	Down	63.725	2.535210379	4	0.437746866	Down	81.65	5.494011892	4	0.560879272	Down	105.1	5.605949221	4	0.721964623	None	153.8	4.92138192	4	1.056500086	145.6	8.3	4		
1622982_at	Down	202.9	4	4	0.7	Down	221	3.8	4	0.8	Up	468.7	5.8	4	1.7	Up	430.3	16.1	4	1.6	Up	384.2	7.8	4	1.4	Up	734	8.9	4	2.7	Up	324.1	5.4	4	1.2	Down	29	3.1	4	0.1	None	288.6	7.9	4	1.1	Up	574.1	20.3	4	2.1	Down	131.1	10.5	4	0.5	Down	214.8	6.1	4	0.8	None	276.8	10.4	4	1	Up	540.2	19.2	4	1.99	None	273.2	6.3	4	1.01	Up	504.8	4.1	4	1.86	Up	369.8	16.2	4	1.36	Down	222.8	10.4	4	0.82	None	259.4	9.5	4	0.96	None	271.4	14.8	4	1	None	240	21.8	4	0.89	None	279.225	7.694302546	4	1.03006548	None	267.35	6.776122293	4	0.986258416	Down	242.825	4.4824426	4	0.895785299	Up	303.225	7.028691201	4	1.118601863	Up	346.75	10.67157439	4	1.279166282	271.1	2.5	4		
1622983_a_at	Down	82.3	2.8	4	0.4	Down	58.6	5.2	4	0.3	Down	86	5	4	0.4	Down	97.7	3.4	4	0.4	Down	61	2.8	4	0.3	Down	89.5	12	4	0.4	Up	480	7.2	4	2.2	Down	58.3	4.8	4	0.3	Down	150.6	8.7	4	0.7	Down	71.3	2.2	4	0.3	Down	52.7	5.6	4	0.2	Down	101.6	2.9	4	0.5	Down	62.4	5.6	4	0.3	Down	60.7	4.3	4	0.27	None	222.2	4.4	4	1	None	248.1	22.7	4	1.11	Down	128.8	4.9	4	0.58	Down	58.5	4	4	0.26	Down	73.3	1.6	4	0.33	Up	302.775	13.3	4	1.36	Down	69.8	5.6	4	0.31	Down	130.95	15.44552254	4	0.587944775	Down	56.425	1.81032916	4	0.25333932	Down	53.075	2.69826333	4	0.23829835	None	197.4	23.79551779	4	0.886294758	Up	313.4	9.752862828	4	1.407116399	222.7	23.5	4		
1622984_at	None	757.1	24.1	4	1	None	986.4	73.2	4	1.3	None	822.6	31.8	4	1.1	Down	585.5	36.6	4	0.8	Up	1252.7	29.5	4	1.6	Up	1193.2	53.4	4	1.5	None	721.1	21.5	4	0.9	Down	488.3	14.1	4	0.6	Down	517.8	12.9	4	0.7	None	843.6	62.1	4	1.1	Down	342.7	14.9	4	0.4	Up	1228.9	40.7	4	1.6	Up	1534.5	54	4	2	None	694.4	55.1	4	0.89	None	845.3	24.3	4	1.09	Down	558.6	21	4	0.72	Up	1052.8	30.9	4	1.35	None	825.7	63.6	4	1.06	None	667.7	38.4	4	0.86	None	774.375	85.8	4	1	None	838.5	67.2	4	1.08	None	774.85	77.68627614	4	0.997040468	Up	919.475	29.65980375	4	1.183137104	Up	924.725	33.03610083	4	1.189892556	Down	652.65	44.27870067	4	0.839799267	None	713.65	8.362465745	4	0.918291192	777.2	29.9	4		
1622985_at	None	5.7	2	0	1.1	None	5.3	1.5	0	1	None	5.8	1.7	0	1.1	None	9.5	1.6	0	1.8	None	6.9	1.4	1	1.3	None	4.5	1.3	0	0.9	None	2	0.8	0	0.4	Down	0.9	0.2	0	0.2	None	9	2.3	0	1.7	None	4.4	0.7	0	0.9	None	5	1.3	0	1	None	6.6	1.6	0	1.3	None	5.3	2.4	0	1	None	5.9	2	0	1.14	None	3.2	1	0	0.63	None	11	2	2	2.13	None	4.5	0.9	0	0.88	None	6.3	1.4	0	1.22	Down	1.4	0.4	0	0.28	None	3.15	0.8	0	0.61	None	9	3.4	1	1.75	None	5.85	1.179335971	0	1.13592233	Down	0.9	0.147196014	0	0.174757282	None	3	0.835663409	0	0.582524272	Down	1.475	1.108677891	0	0.286407767	None	3.75	1.62711401	0	0.72815534	5.2	1.1	0		
1622986_at	None	4.7	1.3	0	1.3	None	6.6	0.9	0	1.7	None	4.6	2	0	1.2	None	6	1.9	0	1.6	None	6.3	0.9	0	1.7	Up	5.9	0.5	0	1.6	None	3.3	0.8	0	0.9	None	5.4	1.3	1	1.4	None	9.6	2.9	0	2.5	None	7.3	2.3	0	2	None	8.8	3	0	2.3	None	4.7	2.3	0	1.2	None	10	3.3	0	2.7	Up	13	2.7	0	3.46	None	5.3	2	1	1.41	Up	9.3	0.7	1	2.48	None	5.5	1.4	0	1.47	None	7.2	1	0	1.92	None	6.4	0.6	0	1.71	None	2.925	0.3	0	0.78	None	7	3.4	0	1.85	None	2.9	1.465719391	0	0.773333333	None	4.2	1.860555473	0	1.12	None	4.675	0.895707355	0	1.246666667	None	1.875	0.928708781	0	0.5	None	5.15	1.681517172	0	1.373333333	3.8	1.1	1		
1622987_at	None	4	1	0	1.6	None	4.8	1.4	0	1.9	None	4.7	2.2	0	1.9	None	3.5	1.5	0	1.4	None	3.6	1.4	0	1.4	None	2.8	0.6	0	1.1	None	5	0.2	1	2	None	4.3	1.2	0	1.7	None	5	2.7	0	2	None	3.4	1.7	1	1.3	None	5.1	2.5	0	2	None	1.9	0.7	0	0.8	None	4.5	2.1	0	1.8	None	3.8	1	0	1.49	None	4.5	1.9	0	1.78	None	1.1	0.2	0	0.44	None	2.6	1.3	0	1.04	None	4.6	1	0	1.82	None	5.4	1.6	0	2.13	None	1.875	0.6	1	0.74	None	4.5	2	0	1.79	None	5.45	1.892308995	1	2.158415842	None	4.3	0.667083203	0	1.702970297	None	2.95	0.817006732	0	1.168316832	None	3.75	3.223352292	0	1.485148515	Up	150.975	8.006702921	4	59.79207921	2.5	0.8	0		
1622988_at	None	1.8	0.6	0	1.4	None	1.2	0.2	0	0.9	None	1	0.1	0	0.8	None	1.5	0.4	0	1.2	None	1.4	0.3	0	1.1	None	1.5	0.3	0	1.1	None	0.9	0.1	0	0.7	None	2.5	0.9	0	1.9	None	1.1	0.1	0	0.8	None	1.1	0.2	0	0.8	None	2.2	0.6	0	1.7	None	1.2	0.4	0	0.9	None	2	0.4	0	1.6	None	7.2	3	0	5.67	None	3	0.7	0	2.35	None	1.5	0.3	0	1.2	None	1.1	0.1	0	0.82	None	2	0.6	0	1.57	None	2.1	0.4	0	1.61	None	1.4	0.5	0	1.1	None	1.9	0.5	0	1.49	None	1.5	0.177951304	0	1.176470588	None	1.775	0.801431012	0	1.392156863	None	1.025	0.564763962	0	0.803921569	None	1	0.43204938	0	0.784313725	None	1.55	0.119023807	0	1.215686275	1.3	0.3	0		
1622989_at	Up	44.3	2	4	1.8	None	27.7	2.1	4	1.1	None	30.5	1.9	4	1.2	Up	37.2	2.1	4	1.5	Up	38.9	1.5	4	1.6	Down	13.9	1.2	2	0.6	Up	38	2.2	4	1.5	Down	14	2.2	4	0.6	None	27.9	3.2	4	1.1	Up	37.6	3.4	4	1.5	None	31.6	1.8	4	1.3	Up	45.7	0.9	4	1.8	None	35.5	4.6	4	1.4	Up	56.1	4.9	4	2.26	Up	68	7.6	4	2.74	None	31.2	2.9	4	1.26	Up	39.2	3	4	1.58	None	17.4	1	4	0.7	None	20.6	1.9	3	0.83	None	30.05	4.4	4	1.21	None	38.5	10.2	4	1.55	Up	43.925	2.396655656	4	1.771169355	None	31.475	1.859379377	4	1.269153226	None	24	2.177536835	4	0.967741935	None	29.9	1.937352145	4	1.205645161	Up	46.775	1.016017552	4	1.88608871	24.8	2.9	4		
